DROP TABLE `class`;
CREATE TABLE `class` (  `id` int(11) NOT NULL AUTO_INCREMENT,  `schoolID` int(11) DEFAULT NULL,  `name` varchar(45) DEFAULT NULL,  `graduationYear` int(11) DEFAULT NULL,  `text` varchar(145) DEFAULT NULL,  `headTeacherID` int(11) DEFAULT NULL,  `changeDate` datetime DEFAULT NULL,  `changeIP` varchar(45) DEFAULT NULL,  `changeUserID` int(11) DEFAULT NULL,  `changeForID` int(11) DEFAULT NULL,  PRIMARY KEY (`id`)) ENGINE=InnoDB AUTO_INCREMENT=96 DEFAULT CHARSET=utf8 COMMENT='School class';
INSERT INTO `class` VALUES('0', '1', 'Staf', '0', '0 Staf', '', '2016-11-08 21:46:05', '::1', '0', '');
INSERT INTO `class` VALUES('60', '1', '12B', '1965', '1965 12B', '851', '2016-11-22 23:30:48', '192.168.201.40', '905', '');
INSERT INTO `class` VALUES('61', '1', '12A', '1971', '1971 12A', '', '2016-11-08 21:46:05', '::1', '0', '');
INSERT INTO `class` VALUES('62', '1', '12B', '1981', '1981 12B', '', '2016-11-08 21:46:05', '::1', '0', '');
INSERT INTO `class` VALUES('63', '1', '12A', '1984', '1984 12A', '', '2016-11-08 21:46:05', '::1', '0', '');
INSERT INTO `class` VALUES('64', '1', '12A', '1985', '1985 12A', '847', '2016-11-27 01:00:20', '192.168.201.40', '834', '');
INSERT INTO `class` VALUES('65', '1', '12B', '1985', '1985 12B', '', '2016-11-08 21:46:05', '::1', '0', '');
INSERT INTO `class` VALUES('66', '1', '12A', '1986', '1986 12A', '', '2016-11-08 21:46:05', '::1', '0', '');
INSERT INTO `class` VALUES('67', '1', '12B', '1986', '1986 12B', '', '2016-11-08 21:46:05', '::1', '0', '');
INSERT INTO `class` VALUES('68', '1', '12C', '1986', '1986 12C', '', '2016-11-08 21:46:05', '::1', '0', '');
INSERT INTO `class` VALUES('70', '1', '12A', '1992', '1992 12A', '', '2016-10-24 23:33:42', '::1', '0', '');
INSERT INTO `class` VALUES('77', '1', '11B', '1951', '1951 11B', '835', '2016-11-22 23:09:04', '192.168.201.40', '834', '');
INSERT INTO `class` VALUES('95', '1', '11A', '2010', '2010 11A', '844', '2016-12-04 18:19:04', '192.168.201.40', '911', '');
DROP TABLE `interpret`;
CREATE TABLE `interpret` (  `id` int(11) NOT NULL AUTO_INCREMENT,  `name` varchar(245) DEFAULT NULL,  `link` varchar(245) DEFAULT NULL,  `changeDate` datetime DEFAULT NULL,  `changeIP` varchar(45) DEFAULT NULL,  `changeUserID` int(11) DEFAULT NULL,  `changeForID` int(11) DEFAULT NULL,  PRIMARY KEY (`id`)) ENGINE=InnoDB AUTO_INCREMENT=3406 DEFAULT CHARSET=utf8 COMMENT='Song interprets';
INSERT INTO `interpret` VALUES('3293', '100 Folk Cenlsius\r\n', '', '2016-10-26 23:24:12', '::1', '0', '');
INSERT INTO `interpret` VALUES('3294', 'ABBA\r\n', '', '2016-10-26 23:24:12', '::1', '0', '');
INSERT INTO `interpret` VALUES('3295', 'Ace Of Base\r\n', '', '2016-10-26 23:24:12', '::1', '0', '');
INSERT INTO `interpret` VALUES('3296', 'Adel\r\n', '', '2016-10-26 23:24:12', '::1', '0', '');
INSERT INTO `interpret` VALUES('3297', 'Aerosmith\r\n', '', '2016-10-26 23:24:12', '::1', '0', '');
INSERT INTO `interpret` VALUES('3298', 'Al Bano Carrisi & Romina Power\r\n', '', '2016-10-26 23:24:12', '::1', '0', '');
INSERT INTO `interpret` VALUES('3299', 'Bad Boys Blue\r\n', '', '2016-10-26 23:24:12', '::1', '0', '');
INSERT INTO `interpret` VALUES('3300', 'Bee Gees\r\n', '', '2016-10-26 23:24:12', '::1', '0', '');
INSERT INTO `interpret` VALUES('3301', 'Billy Idol\r\n', '', '2016-10-26 23:24:12', '::1', '0', '');
INSERT INTO `interpret` VALUES('3302', 'Bob Segar \r\n', '', '2016-10-26 23:24:12', '::1', '0', '');
INSERT INTO `interpret` VALUES('3303', 'Boney M \r\n', '', '2016-10-26 23:24:12', '::1', '0', '');
INSERT INTO `interpret` VALUES('3304', 'Bonnie Tyler\r\n', '', '2016-10-26 23:24:12', '::1', '0', '');
INSERT INTO `interpret` VALUES('3305', 'Bryan Adams\r\n', '', '2016-10-26 23:24:12', '::1', '0', '');
INSERT INTO `interpret` VALUES('3306', 'Captain Jack \r\n', '', '2016-10-26 23:24:12', '::1', '0', '');
INSERT INTO `interpret` VALUES('3307', 'Charlie\r\n', '', '2016-10-26 23:24:12', '::1', '0', '');
INSERT INTO `interpret` VALUES('3308', 'Cher\r\n', '', '2016-10-26 23:24:12', '::1', '0', '');
INSERT INTO `interpret` VALUES('3309', 'Cheryl Cole\r\n', '', '2016-10-26 23:24:12', '::1', '0', '');
INSERT INTO `interpret` VALUES('3310', 'Chris de Burgh\r\n', '', '2016-10-26 23:24:12', '::1', '0', '');
INSERT INTO `interpret` VALUES('3311', 'Cindy Lauper\r\n', '', '2016-10-26 23:24:12', '::1', '0', '');
INSERT INTO `interpret` VALUES('3312', 'Crowded House\r\n', '', '2016-10-26 23:24:12', '::1', '0', '');
INSERT INTO `interpret` VALUES('3313', 'Céline Dion\r\n', '', '2016-10-26 23:24:12', '::1', '0', '');
INSERT INTO `interpret` VALUES('3314', 'David Lee Roth\r\n', '', '2016-10-26 23:24:12', '::1', '0', '');
INSERT INTO `interpret` VALUES('3315', 'Demjen Ferenc\r\n', '', '2016-10-26 23:24:12', '::1', '0', '');
INSERT INTO `interpret` VALUES('3316', 'Depeche Mode\r\n', '', '2016-10-26 23:24:12', '::1', '0', '');
INSERT INTO `interpret` VALUES('3317', 'Dinamit\r\n', '', '2016-10-26 23:24:12', '::1', '0', '');
INSERT INTO `interpret` VALUES('3318', 'Dire Straits\r\n', '', '2016-10-26 23:24:12', '::1', '0', '');
INSERT INTO `interpret` VALUES('3319', 'Dirty Dancing\r\n', '', '2016-10-26 23:24:12', '::1', '0', '');
INSERT INTO `interpret` VALUES('3320', 'DJ Bobo\r\n', '', '2016-10-26 23:24:12', '::1', '0', '');
INSERT INTO `interpret` VALUES('3321', 'Dolly Roll\r\n', '', '2016-10-26 23:24:12', '::1', '0', '');
INSERT INTO `interpret` VALUES('3322', 'Edda Müvek\r\n', '', '2016-10-26 23:24:12', '::1', '0', '');
INSERT INTO `interpret` VALUES('3323', 'Eddy Grant \r\n', '', '2016-10-26 23:24:12', '::1', '0', '');
INSERT INTO `interpret` VALUES('3324', 'Eros Ramazzotti\r\n', '', '2016-10-26 23:24:12', '::1', '0', '');
INSERT INTO `interpret` VALUES('3325', 'Fenyõ Miklós\r\n', '', '2016-10-26 23:24:12', '::1', '0', '');
INSERT INTO `interpret` VALUES('3326', 'Francesco Napoli\r\n', '', '2016-10-26 23:24:12', '::1', '0', '');
INSERT INTO `interpret` VALUES('3327', 'Gazebo\r\n', '', '2016-10-26 23:24:12', '::1', '0', '');
INSERT INTO `interpret` VALUES('3328', 'Genesis \r\n', '', '2016-10-26 23:24:12', '::1', '0', '');
INSERT INTO `interpret` VALUES('3329', 'Gigi D Agostino\r\n', '', '2016-10-24 23:33:41', '::1', '0', '');
INSERT INTO `interpret` VALUES('3330', 'Hooligans\r\n', '', '2016-10-26 23:24:12', '::1', '0', '');
INSERT INTO `interpret` VALUES('3331', 'Hot Chocolate\r\n', '', '2016-10-26 23:24:12', '::1', '0', '');
INSERT INTO `interpret` VALUES('3332', 'Huey Lewis & The News\r\n', '', '2016-10-26 23:24:12', '::1', '0', '');
INSERT INTO `interpret` VALUES('3333', 'Hungária\r\n', '', '2016-10-26 23:24:12', '::1', '0', '');
INSERT INTO `interpret` VALUES('3334', 'Inner Circle\r\n', '', '2016-10-26 23:24:12', '::1', '0', '');
INSERT INTO `interpret` VALUES('3335', 'Jennifer Rush\r\n', '', '2016-10-26 23:24:12', '::1', '0', '');
INSERT INTO `interpret` VALUES('3336', 'Jive Bunny\r\n', '', '2016-10-26 23:24:12', '::1', '0', '');
INSERT INTO `interpret` VALUES('3337', 'Julio Iglesias\r\n', '', '2016-10-26 23:24:12', '::1', '0', '');
INSERT INTO `interpret` VALUES('3338', 'Kaoma\r\n', '', '2016-10-26 23:24:12', '::1', '0', '');
INSERT INTO `interpret` VALUES('3339', 'Karthago\r\n', '', '2016-10-26 23:24:12', '::1', '0', '');
INSERT INTO `interpret` VALUES('3340', 'Kesha\r\n', '', '2016-10-26 23:24:12', '::1', '0', '');
INSERT INTO `interpret` VALUES('3341', 'Kim Wilde\r\n', '', '2016-10-26 23:24:12', '::1', '0', '');
INSERT INTO `interpret` VALUES('3342', 'Kiss\r\n', '', '2016-10-26 23:24:12', '::1', '0', '');
INSERT INTO `interpret` VALUES('3343', 'Knock Out\r\n', '', '2016-10-26 23:24:12', '::1', '0', '');
INSERT INTO `interpret` VALUES('3344', 'Komár László\r\n', '', '2016-10-26 23:24:12', '::1', '0', '');
INSERT INTO `interpret` VALUES('3345', 'Konz Zsuzsa\r\n', '', '2016-10-26 23:24:12', '::1', '0', '');
INSERT INTO `interpret` VALUES('3346', 'Kovács Kati\r\n', '', '2016-10-26 23:24:12', '::1', '0', '');
INSERT INTO `interpret` VALUES('3347', 'Kylie Minogue\r\n', '', '2016-10-26 23:24:12', '::1', '0', '');
INSERT INTO `interpret` VALUES('3348', 'Kylie Minogue & Jason Donovan\r\n', '', '2016-10-26 23:24:12', '::1', '0', '');
INSERT INTO `interpret` VALUES('3349', 'Lady Gaga\r\n', '', '2016-10-26 23:24:12', '::1', '0', '');
INSERT INTO `interpret` VALUES('3350', 'Lena Meyer Landrut\r\n', '', '2016-10-26 23:24:12', '::1', '0', '');
INSERT INTO `interpret` VALUES('3351', 'LGT\r\n', '', '2016-10-26 23:24:12', '::1', '0', '');
INSERT INTO `interpret` VALUES('3352', 'Lionel Richie\r\n', '', '2016-10-26 23:24:12', '::1', '0', '');
INSERT INTO `interpret` VALUES('3353', 'Los del Rio\r\n', '', '2016-10-26 23:24:12', '::1', '0', '');
INSERT INTO `interpret` VALUES('3354', 'Lou Bega\r\n', '', '2016-10-26 23:24:12', '::1', '0', '');
INSERT INTO `interpret` VALUES('3355', 'Madonna\r\n', '', '2016-10-26 23:24:12', '::1', '0', '');
INSERT INTO `interpret` VALUES('3356', 'Mc Hawer & Tekknõ\r\n', '', '2016-10-26 23:24:12', '::1', '0', '');
INSERT INTO `interpret` VALUES('3357', 'Michael Jackson\r\n', '', '2016-10-26 23:24:12', '::1', '0', '');
INSERT INTO `interpret` VALUES('3358', 'Modern Talking\r\n', '', '2016-10-26 23:24:12', '::1', '0', '');
INSERT INTO `interpret` VALUES('3359', 'Monrose\r\n', '', '2016-10-26 23:24:12', '::1', '0', '');
INSERT INTO `interpret` VALUES('3360', 'Mr.President\r\n', '', '2016-10-26 23:24:12', '::1', '0', '');
INSERT INTO `interpret` VALUES('3361', 'Máthé Péter\r\n', '', '2016-10-26 23:24:12', '::1', '0', '');
INSERT INTO `interpret` VALUES('3362', 'Napoleon Boulevard\r\n', '', '2016-10-26 23:24:12', '::1', '0', '');
INSERT INTO `interpret` VALUES('3363', 'Neoton Familia\r\n', '', '2016-10-26 23:24:12', '::1', '0', '');
INSERT INTO `interpret` VALUES('3364', 'No Angels\r\n', '', '2016-10-26 23:24:12', '::1', '0', '');
INSERT INTO `interpret` VALUES('3365', 'Omega\r\n', '', '2016-10-26 23:24:12', '::1', '0', '');
INSERT INTO `interpret` VALUES('3366', 'Paula Abdul\r\n', '', '2016-10-26 23:24:12', '::1', '0', '');
INSERT INTO `interpret` VALUES('3367', 'Phil Collins\r\n', '', '2016-10-26 23:24:12', '::1', '0', '');
INSERT INTO `interpret` VALUES('3368', 'Piramis\r\n', '', '2016-10-26 23:24:12', '::1', '0', '');
INSERT INTO `interpret` VALUES('3369', 'Pussycat\r\n', '', '2016-10-26 23:24:12', '::1', '0', '');
INSERT INTO `interpret` VALUES('3370', 'Queen\r\n', '', '2016-10-26 23:24:12', '::1', '0', '');
INSERT INTO `interpret` VALUES('3371', 'R-Go\r\n', '', '2016-10-26 23:24:12', '::1', '0', '');
INSERT INTO `interpret` VALUES('3372', 'Rednex\r\n', '', '2016-10-26 23:24:12', '::1', '0', '');
INSERT INTO `interpret` VALUES('3373', 'Ricchi e Poveri\r\n', '', '2016-10-26 23:24:13', '::1', '0', '');
INSERT INTO `interpret` VALUES('3374', 'Richard Clayderman\r\n', '', '2016-10-26 23:24:13', '::1', '0', '');
INSERT INTO `interpret` VALUES('3375', 'Rihanna\r\n', '', '2016-10-26 23:24:13', '::1', '0', '');
INSERT INTO `interpret` VALUES('3376', 'Roxette\r\n', '', '2016-10-26 23:24:13', '::1', '0', '');
INSERT INTO `interpret` VALUES('3377', 'Ryan Paris\r\n', '', '2016-10-26 23:24:13', '::1', '0', '');
INSERT INTO `interpret` VALUES('3378', 'Scorpions\r\n', '', '2016-10-26 23:24:13', '::1', '0', '');
INSERT INTO `interpret` VALUES('3379', 'Shakin Stevens\r\n', '', '2016-10-26 23:24:13', '::1', '0', '');
INSERT INTO `interpret` VALUES('3380', 'Shakira\r\n', '', '2016-10-26 23:24:13', '::1', '0', '');
INSERT INTO `interpret` VALUES('3381', 'Smokie\r\n', '', '2016-10-26 23:24:13', '::1', '0', '');
INSERT INTO `interpret` VALUES('3382', 'Starship\r\n', '', '2016-10-26 23:24:13', '::1', '0', '');
INSERT INTO `interpret` VALUES('3383', 'Status Quo\r\n', '', '2016-10-26 23:24:13', '::1', '0', '');
INSERT INTO `interpret` VALUES('3384', 'Stevie Wonder\r\n', '', '2016-10-26 23:24:13', '::1', '0', '');
INSERT INTO `interpret` VALUES('3385', 'Sugababes\r\n', '', '2016-10-26 23:24:13', '::1', '0', '');
INSERT INTO `interpret` VALUES('3386', 'Szörényi Levente\r\n', '', '2016-10-26 23:24:13', '::1', '0', '');
INSERT INTO `interpret` VALUES('3387', 'Tanita Tikaram\r\n', '', '2016-10-26 23:24:13', '::1', '0', '');
INSERT INTO `interpret` VALUES('3388', 'Tears for fears\r\n', '', '2016-10-26 23:24:13', '::1', '0', '');
INSERT INTO `interpret` VALUES('3389', 'The Chordettes\r\n', '', '2016-10-26 23:24:13', '::1', '0', '');
INSERT INTO `interpret` VALUES('3390', 'The Eagles\r\n', '', '2016-10-26 23:24:13', '::1', '0', '');
INSERT INTO `interpret` VALUES('3391', 'Tony Esposito\r\n', '', '2016-10-26 23:24:13', '::1', '0', '');
INSERT INTO `interpret` VALUES('3392', 'UB40\r\n', '', '2016-10-26 23:24:13', '::1', '0', '');
INSERT INTO `interpret` VALUES('3393', 'V Moto-Rock\r\n', '', '2016-10-24 23:33:41', '::1', '0', '');
INSERT INTO `interpret` VALUES('3394', 'Vangelis\r\n', '', '2016-10-26 23:24:13', '::1', '0', '');
INSERT INTO `interpret` VALUES('3395', 'Varga Miklós\r\n', '', '2016-10-26 23:24:13', '::1', '0', '');
INSERT INTO `interpret` VALUES('3396', 'Videokids\r\n', '', '2016-10-26 23:24:13', '::1', '0', '');
INSERT INTO `interpret` VALUES('3397', 'Vénusz\r\n', '', '2016-10-26 23:24:13', '::1', '0', '');
INSERT INTO `interpret` VALUES('3398', 'Whitney Houston\r\n', '', '2016-10-26 23:24:13', '::1', '0', '');
INSERT INTO `interpret` VALUES('3399', 'Zoltán Erika\r\n', '', '2016-10-26 23:24:13', '::1', '0', '');
INSERT INTO `interpret` VALUES('3400', 'Zámbó Jimmy\r\n', '', '2016-10-26 23:24:13', '::1', '0', '');
INSERT INTO `interpret` VALUES('3401', 'Ákos\r\n', '', '2016-10-26 23:24:13', '::1', '0', '');
INSERT INTO `interpret` VALUES('3402', '1001\r\n', '', '2016-10-24 23:33:41', '::1', '0', '');
INSERT INTO `interpret` VALUES('3403', 'Gigi D&#039;Agostino\r\n', '', '2016-10-26 23:24:12', '::1', '0', '');
INSERT INTO `interpret` VALUES('3404', 'V&#039;Moto-Rock\r\n', '', '2016-10-26 23:24:13', '::1', '0', '');
INSERT INTO `interpret` VALUES('3405', 'Levis Big Band', '', '2016-11-14 23:59:52', '::1', '834', '');
DROP TABLE `message`;
CREATE TABLE `message` (  `id` int(11) NOT NULL AUTO_INCREMENT,  `name` varchar(145) DEFAULT NULL,  `text` text,  `comment` text,  `privacy` varchar(45) DEFAULT NULL,  `changeIP` varchar(45) DEFAULT NULL,  `changeDate` datetime DEFAULT NULL,  `changeUserID` int(11) DEFAULT NULL,  `changeForID` int(11) DEFAULT NULL,  `isDeleted` int(11) DEFAULT NULL,  PRIMARY KEY (`id`)) ENGINE=InnoDB AUTO_INCREMENT=156 DEFAULT CHARSET=utf8 COMMENT='User messages';
INSERT INTO `message` VALUES('90', '', 'Nagyon j&oacute; volt a tal&aacute;lkoz&oacute;n. Mindenkinek k&ouml;sz&ouml;n&ouml;m aki el tudott j&ouml;nni, &eacute;s &uacute;jb&oacute;l egy&uuml;tt tudtunk lenni. &lt;a title=&quot;Itt megn&eacute;zhetitek a k&eacute;peket.&quot; href=&quot;http://brassai.blue-l.de/pictureGallery.php?view=thumbnails&amp;amp;gallery=TALALK30&quot;&gt;Itt megn&eacute;zhetitek a k&eacute;peket.&lt;/a&gt;&lt;br&gt;', '', 'world', '::1', '2016-11-08 21:46:11', '840', '', '0');
INSERT INTO `message` VALUES('91', '', 'Alig v&aacute;rom a 30-&eacute;ves tal&aacute;lkoz&oacute;t.', '', 'class', '::1', '2016-11-08 21:46:11', '840', '', '0');
INSERT INTO `message` VALUES('92', '', '&lt;p&gt;Honoldalunk &uuml;zen&ouml;fallal bőv&uuml;lt. Ezzel az &uacute;j lehetős&eacute;ggel a Brassaist&aacute;k az eg&eacute;sz vil&aacute;gon szorosabb kapcsolatba j&ouml;hetnek.&amp;nbsp;&lt;/p&gt;&lt;p&gt;Haszn&aacute;lj&aacute;tok szorgalmasan!&amp;nbsp;&lt;/p&gt;&lt;p&gt;&lt;img src=&quot;http://levi.blue-l.de/images//Fotografie/TropicalFlowers/thumbs/P1120179.JPG&quot; alt=&quot;Vir&aacute;g&quot;&gt;&lt;br&gt;&lt;/p&gt;', '', 'world', '::1', '2016-11-08 21:46:11', '840', '', '0');
INSERT INTO `message` VALUES('93', '', '&Ouml;rvendek, hogy &ouml;sszegyűltetek! Sajn&aacute;lom, hogy - megh&iacute;v&aacute;sotok ellen&eacute;re - nem lehettem ott! Tal&aacute;n &ouml;t &eacute;v m&uacute;lva! :)', 'Rendben, a 30-évesen találkozunk.', 'world', '::1', '2016-11-08 21:46:11', '1', '', '0');
INSERT INTO `message` VALUES('94', '', 'Jo volt latni mindenkit.', '', 'world', '::1', '2016-11-08 21:46:11', '1', '', '0');
INSERT INTO `message` VALUES('95', '', 'Szia Levi!\r\n&lt;div&gt;Jo volt a mai napot ezekkel a szep emlekekkel kezdeni. Nagyon tetszik amit itt sikerult osszehoznod, csak igy tovabb!!!!\r\n&lt;/div&gt;&lt;div&gt;Az Agi otlete a talalkozoval szerintem nagyon jo!\r\n&lt;/div&gt;&lt;div&gt;Udvozlok es puszilok mindenkit!&lt;/div&gt;', '', 'world', '::1', '2016-11-08 21:46:11', '848', '', '0');
INSERT INTO `message` VALUES('96', '', 'Levi - reg beszelgettunk, koszi hogy szoltal. A honlap es az IWIW kituno lehetoseg a kapcsolatokat fenntartani. Gondolom ez egy oriasi lepes afele, hogy 2010-ben mindnyajan talalkozhatunk.\r\n&lt;div&gt;Udv a csladodnak - Pista&lt;/div&gt;', '', 'world', '::1', '2016-11-08 21:46:11', '851', '', '0');
INSERT INTO `message` VALUES('97', '', 'K&ouml;sz&ouml;net, Levi! Olyan j&oacute; n&eacute;zni ezeket a r&eacute;gi k&eacute;peket. &Eacute;n nem &eacute;retts&eacute;giztem veletek (&aacute;tp&aacute;rtoltam az Adyba) de az&eacute;rt k&ouml;sz&ouml;n&ouml;m, hogy feltett&eacute;l. Ez egy nagyon &eacute;rt&eacute;kes oldal!', '', 'world', '::1', '2016-11-08 21:46:11', '1', '', '0');
INSERT INTO `message` VALUES('98', '', 'ja, term&eacute;szetesen &eacute;n is csod&aacute;lom Levent&eacute;t, hogy van erre ideje, energi&aacute;ja.\r\n&lt;div&gt;&Eacute;s k&eacute;rdőjel n&eacute;lk&uuml;l puszilok mindenkit :)&lt;/div&gt;', '', 'world', '::1', '2016-11-08 21:46:11', '854', '', '0');
INSERT INTO `message` VALUES('99', '', 'Sziasztok, miből gondolj&aacute;tok, hogy szervezi valaki a 25 &eacute;ves tal&aacute;lkoz&oacute;t, m&aacute;ris? :)\r\n&lt;div&gt;J&oacute; lenne persze legal&aacute;bb azon gondolkozni, melyik h&oacute;napban &eacute;s hol legyen. Tudom, voltunk m&aacute;r Torock&oacute;n, de van egy &uacute;j h&aacute;z, a neve Torock&oacute; Vend&eacute;gh&aacute;z, &eacute;s h&aacute;t maga a paradicsom, nem annyira a h&aacute;z, mint a k&ouml;rny&eacute;ke. Gy&ouml;ny&ouml;rű nagy p&aacute;zsit, sz&eacute;p kil&aacute;t&aacute;s, ki lehet &uuml;lni stb ... szervezt&uuml;nk ott t&aacute;bort, nagyon sz&eacute;p hely. Csak időben le kell foglalni, mert felkapott. &Eacute;s akkor ott lehetne minden, az oszi &oacute;r&aacute;t kiv&eacute;ve.\r\n&lt;/div&gt;&lt;div&gt;Mindenkit puszilok?\r\n&lt;/div&gt;&lt;div&gt;&Aacute;gi&lt;/div&gt;', '', 'world', '::1', '2016-11-08 21:46:11', '854', '', '0');
INSERT INTO `message` VALUES('100', '', '&lt;ol&gt;&lt;li&gt;Szia Levente!&amp;nbsp;&lt;br&gt;&lt;/li&gt;&lt;li&gt;&Eacute;n mi&eacute;rt nem tudok errol, hohy itt m&aacute;t &eacute;lo szervezked&eacute;s folyik a 25. tal&aacute;lkoz&oacute;val kapcsolatosan?&amp;nbsp;&lt;br&gt;&lt;/li&gt;&lt;li&gt;nem tudok bel&eacute;pni - seg&iacute;ts!&amp;nbsp;&lt;br&gt;&lt;/li&gt;&lt;li&gt;jav&iacute;tsd a sz&ouml;vegez&eacute;st a k&ouml;vetkezo k&eacute;t helyen: &quot;Bezegyezte: &quot; helyett Bejegyezte; &quot; Ved&eacute;gk&ouml;nyv sz&ouml;veg &quot; helyett Vend&eacute;gk&ouml;nyv sz&ouml;veg.&amp;nbsp;&lt;br&gt;&lt;/li&gt;&lt;li&gt;h&aacute;t akkor &eacute;s m&aacute;sodikk&eacute;nt gratul&aacute;lok - csak az k&aacute;r, hogy a kolleganom kellett felh&iacute;vja a figyelmemet.&amp;nbsp;&lt;br&gt;&lt;/li&gt;&lt;li&gt;aufidersafhajzen.T&lt;br&gt;&lt;/li&gt;&lt;/ol&gt;', 'Kijavítottam, köszönöm', 'world', '::1', '2016-11-08 21:46:11', '1', '', '0');
INSERT INTO `message` VALUES('101', '', 'Hadd &eacute;n legyek az első aki gratul&aacute;l neked a honlap&eacute;rt !!!\r\n&lt;div&gt;Csak &iacute;gy tov&aacute;bb, Hajr&aacute;&aacute; ;-) \r\n&lt;/div&gt;&lt;div&gt;\r\n&lt;/div&gt;&lt;div&gt;&Uuml;dv Jenci&lt;/div&gt;', 'Köszi a dícséretet és a bátorítást.', 'world', '::1', '2016-11-08 21:46:11', '855', '', '0');
INSERT INTO `message` VALUES('102', '', 'Ezennel megnyitom a vend&eacute;gk&ouml;nyvet. A bejegyz&eacute;seket előre is k&ouml;sz&ouml;n&ouml;m.', '', 'world', '::1', '2016-11-08 21:46:11', '840', '', '0');
INSERT INTO `message` VALUES('103', '', 'kjhkjh kjh kjh kjh kjh kjh kjh kjh kjh a &eacute;s teh&aacute;t', '', 'scool', '::1', '2016-11-08 21:46:11', '835', '', '0');
INSERT INTO `message` VALUES('104', '', 'Csak az iskolat&aacute;saknak &iacute;rom', '', 'scool', '::1', '2016-11-08 21:46:11', '851', '', '0');
INSERT INTO `message` VALUES('105', '', 'Hell&oacute; mindenkit &uuml;dv&ouml;zl&ouml;k, Puszi Dori', '', 'world', '::1', '2016-11-08 21:46:11', '851', '', '0');
INSERT INTO `message` VALUES('113', '', 'Ezt &iacute;rta az adminiszt&aacute;tor!', '', 'scool', '192.168.201.40', '2016-10-25 13:35:41', '834', '', '0');
INSERT INTO `message` VALUES('114', '', 'Ezt &iacute;rta az adminiszt&aacute;tor a vil&aacute;gnak!', '', 'world', '192.168.201.40', '2016-10-25 13:36:09', '834', '', '1');
INSERT INTO `message` VALUES('115', '', 'Ezt &iacute;rta az adminiszt&aacute;tor a vil&aacute;gnak!', '', 'world', '192.168.201.40', '2016-10-25 13:48:11', '834', '', '0');
INSERT INTO `message` VALUES('117', '', 'Csak egyszer', '', 'world', '192.168.201.40', '2016-10-25 14:57:21', '834', '', '0');
INSERT INTO `message` VALUES('118', 'Levi Kalev', 'Ez egy teszt&lt;p&gt;&lt;/p&gt;&lt;p&gt;&lt;/p&gt;&lt;p&gt;&lt;/p&gt;&lt;p&gt;&lt;/p&gt;', '', 'world', '::1', '2016-10-25 16:28:54', '834', '', '0');
INSERT INTO `message` VALUES('120', 'Zoli', 'Levente az okos', '', 'world', '::1', '2016-10-25 16:35:09', '834', '', '1');
INSERT INTO `message` VALUES('125', 'Zoli', 'Levente az okoska', '', 'world', '::1', '2016-10-25 16:40:45', '-1', '', '0');
INSERT INTO `message` VALUES('146', 'Di&#039;Di', 'Ok az e', '', 'world', '192.168.201.40', '2016-10-25 18:50:49', '0', '-1', '0');
INSERT INTO `message` VALUES('147', 'Levente', 'akkor azt hittem&amp;nbsp;&lt;img src=&quot;http://levi.blue-l.de/images/levente.png&quot; alt=&quot;Levi&quot;&gt;', '', 'world', '192.168.201.40', '2016-10-25 19:04:28', '-1', '', '0');
INSERT INTO `message` VALUES('148', '', 'Ez itt egy sz&ouml;veg. Nem kell kit&ouml;r&ouml;lni!', '', 'scool', '::1', '2016-11-08 21:46:11', '835', '', '1');
INSERT INTO `message` VALUES('153', '', 'Csirkefog&oacute; az nem j&oacute;.', '', 'scool', '::1', '2016-11-01 12:18:49', '834', '', '1');
INSERT INTO `message` VALUES('154', 'Levente', 'Ez itt j&oacute;.', '', 'world', '::1', '2016-11-01 12:24:26', '', '', '0');
INSERT INTO `message` VALUES('155', 'Konyha', 'A T&ouml;bbi nem j&oacute;', '', 'world', '::1', '2016-11-01 12:57:36', '', '', '0');
DROP TABLE `person`;
CREATE TABLE `person` (  `id` int(11) NOT NULL AUTO_INCREMENT,  `classID` int(11) NOT NULL,  `isTeacher` int(11) NOT NULL DEFAULT '0',  `firstname` varchar(245) NOT NULL,  `lastname` varchar(245) DEFAULT NULL,  `picture` varchar(245) DEFAULT NULL,  `geolat` varchar(45) DEFAULT NULL,  `geolng` varchar(45) DEFAULT NULL,  `user` varchar(145) NOT NULL,  `passw` varchar(255) DEFAULT NULL,  `role` varchar(145) DEFAULT NULL,  `birthname` varchar(145) DEFAULT NULL,  `partner` varchar(145) DEFAULT NULL,  `address` varchar(245) DEFAULT NULL,  `zipcode` varchar(45) DEFAULT NULL,  `place` varchar(145) DEFAULT NULL,  `country` varchar(145) DEFAULT NULL,  `phone` varchar(145) DEFAULT NULL,  `mobil` varchar(145) DEFAULT NULL,  `email` varchar(245) DEFAULT NULL,  `homepage` varchar(255) DEFAULT NULL,  `skype` varchar(145) DEFAULT NULL,  `education` varchar(245) DEFAULT NULL,  `employer` varchar(255) DEFAULT NULL,  `function` varchar(245) DEFAULT NULL,  `children` varchar(245) DEFAULT NULL,  `facebook` varchar(245) DEFAULT NULL,  `facebookid` varchar(45) DEFAULT NULL,  `twitter` varchar(245) DEFAULT NULL,  `cv` text,  `story` text,  `aboutMe` text,  `changeIP` varchar(45) DEFAULT NULL,  `changeDate` datetime DEFAULT NULL,  `changeUserID` int(11) DEFAULT NULL,  `changeForID` int(11) DEFAULT NULL,  PRIMARY KEY (`id`)) ENGINE=InnoDB AUTO_INCREMENT=918 DEFAULT CHARSET=utf8 COMMENT='Classmates und teachers';
INSERT INTO `person` VALUES('588', '60', '0', 'János', 'Adorján', 'avatar.jpg', '46.7719', '23.5924', 'qUVaQBYpL', 'yvZFyZWS4', '', '', 'Pétra', 'Hazsongárd.2', '', 'q1', '', '', '', 'adorjan47@gmaill.com', '', '', '', '', '', '', '', '0', '', '', '', '', '::1', '2016-11-08 21:46:05', '0', '');
INSERT INTO `person` VALUES('589', '61', '0', 'Peter', 'Kiss', '../data/12A1971/kiss_peter.jpg', '46.76996843356982', '23.556747436523438', 'kissp', 'ag56rt32', 'editor', '', '', '~', '~', 'Stuttgart', 'Németország', '~', '~', '~mmpkiss@gmail.com', '~', '~', '', '', '', '', 'https://www.facebook.com/peter.kiss.5076', '0', '', '~Minden Ok		', '', '', '::1', '2016-11-08 21:46:05', '0', '');
INSERT INTO `person` VALUES('590', '62', '0', 'Marika', 'Bajusz', 'avatar.jpg', '46.7719', '23.5924', 'gXWUeWNhy', 'kZxsSsfnX', '', '', '', '', '', '', '', '', '', '', '', '', '', '', '', '', 'https://www.facebook.com/marika.bajusz', '0', '', '', '', '', '::1', '2016-11-08 21:46:05', '0', '');
INSERT INTO `person` VALUES('591', '62', '0', 'György', 'Ferenczi', 'avatar.jpg', '46.7719', '23.5924', 'hMBHg4r3N', 'Xq4PqIDmw', '', '', '', '', '', 'Kolozsvár', '', '', '', '', '', '', '', '', '', '', 'https://www.facebook.com/profile.php?id%D3100002220635911', '0', '', '', '', '', '::1', '2016-11-08 21:46:05', '0', '');
INSERT INTO `person` VALUES('592', '62', '0', 'Aranka', 'László', 'avatar.jpg', '47.497912', '19.04023499999994', 'xMATI95gC', 'gDG6QEbaR', '', '', '', '', '', 'Budapest', 'Magyarország', '', '', '', '', '', '', '', '', '', 'https://www.facebook.com/laszlo.aranka', '0', '', '', '', '', '::1', '2016-10-24 23:33:42', '0', '');
INSERT INTO `person` VALUES('593', '62', '0', 'Zoltán', 'Molnár', 'avatar.jpg', '46.7719', '23.5924', '9n9snkvHD', 'GBUf6bdyC', '', '', '', '', '', '', '', '', '', '', '', '', '', '', '', '', 'https://www.facebook.com/zoltan.molnar.54379', '0', '', '', '', '', '::1', '2016-11-08 21:46:05', '0', '');
INSERT INTO `person` VALUES('594', '62', '0', 'Csaba', 'Nano', 'avatar.jpg', '46.7719', '23.5924', '3WkjLwFp5', 'htcXsYVdK', '', '', '', '', '', 'Kolozsvár', '', '', '', '', '', '', '', '', '', '', 'https://www.facebook.com/nano.csaba', '0', '', '', '', '', '::1', '2016-11-08 21:46:05', '0', '');
INSERT INTO `person` VALUES('595', '62', '0', 'Alexandru', 'Ozsvath', 'avatar.jpg', '47.0317645', '23.909253000000035', 'DqXQHsrKq', 'IbjFBcJUt', '', '', '', '', '', 'Gherla', '', '', '', '', '', '', '', '', '', '', 'https://www.facebook.com/ozsvath.alexandru', '0', '', '', '', '', '::1', '2016-11-08 21:46:05', '0', '');
INSERT INTO `person` VALUES('596', '62', '0', 'Erzsébet', 'Székely', 'avatar.jpg', '46.7719', '23.5924', 'PzMfyHzGW', 'HQKEFeYcE', '', '', 'Szekely István', '', '', 'Gheorgheni', '', '', '', '', '', '', '', '', '', '', 'https://www.facebook.com/erzsikeszekely', '0', '', '', '', '', '::1', '2016-11-08 21:46:05', '0', '');
INSERT INTO `person` VALUES('597', '62', '0', 'László', 'Tompos', 'avatar.jpg', '46.7719', '23.5924', 'R8sLruGXk', 'hcMqRWnnH', '', '', 'Csákány Ildikó', '', '', 'Kolozsvár', '', '', '', '', '', '', '', 'Canditer', '', '', 'https://www.facebook.com/tompos.laszlo.7', '0', '', '', '', '', '::1', '2016-11-08 21:46:05', '0', '');
INSERT INTO `person` VALUES('598', '62', '0', 'Zsuzsa', 'Török', 'avatar.jpg', '46.7719', '23.5924', 'Eez6QSsIC', 'C5KydIHMP', '', '', '', '', '', 'Kolozsvár', '', '', '', '', '', '', '', 'Brassai Samuel Elmeleti Liceum', 'főtitkár', '', 'https://www.facebook.com/torok.zsuzsa.90', '0', '', '', '', '', '::1', '2016-11-08 21:46:05', '0', '');
INSERT INTO `person` VALUES('599', '63', '0', 'Ibolya', 'Ács', 'avatar.jpg', '46.7719', '23.5924', 'Ln8PuIKgf', 'G3aBha79a', '', '', '', '', '', '', '', '', '', '', '', '', '', '', '', '', '', '0', '', '', '', '', '::1', '2016-11-08 21:46:05', '0', '');
INSERT INTO `person` VALUES('600', '63', '0', 'János', 'Akerman', 'avatar.jpg', '46.7719', '23.5924', 'KfjKUQBxQ', 'GvTjsAL5d', '', '', '', '', '', '', '', '', '', '', '', '', '', '', '', '', '', '0', '', '', '', '', '::1', '2016-11-08 21:46:05', '0', '');
INSERT INTO `person` VALUES('601', '63', '0', 'Julia', 'Barabás', 'avatar.jpg', '46.7719', '23.5924', 'vn2yJDEXP', 'SIymGhVGM', '', '', '', '', '', '', '', '', '', '', '', '', '', '', '', '', '', '0', '', '', '', '', '::1', '2016-11-08 21:46:05', '0', '');
INSERT INTO `person` VALUES('602', '63', '0', 'Melinda', 'Bugnár', 'avatar.jpg', '46.7719', '23.5924', '83pNYTG4Q', 'ZSzWyJ6FL', '', '', '', '', '', '', '', '', '', '', '', '', '', '', '', '', '', '0', '', '', '', '', '::1', '2016-11-08 21:46:05', '0', '');
INSERT INTO `person` VALUES('603', '63', '0', 'Botond', 'Burgus', 'avatar.jpg', '46.7719', '23.5924', 'NMUuX2H8t', 'ezRAYxqe6', '', '', '', '', '', 'Kolozsvár', '', '', '', '', '', '', '', '', '', '', '', '0', '', '', '', '', '::1', '2016-11-08 21:46:05', '0', '');
INSERT INTO `person` VALUES('604', '63', '0', 'Enikő', 'Csákány', 'avatar.jpg', '46.7719', '23.5924', 'HBZntPkP7', 'J9UC242JE', '', '', '', '', '', '', '', '', '', '', '', '', '', '', '', '', '', '0', '', '', '', '', '::1', '2016-11-08 21:46:05', '0', '');
INSERT INTO `person` VALUES('605', '63', '0', 'Juliánna', 'Csepregi', 'avatar.jpg', '46.7719', '23.5924', 'PpXfEPZxa', 'RAg5AdGfu', '', '', '', '', '', '', '', '', '', '', '', '', '', '', '', '', '', '0', '', '', '', '', '::1', '2016-11-08 21:46:05', '0', '');
INSERT INTO `person` VALUES('606', '63', '0', 'Krisztina', 'Csomós', 'avatar.jpg', '46.7719', '23.5924', '9w6uF6nmD', 'ywTfH9bSS', '', '', '', '', '', '', '', '', '', '', '', '', '', '', '', '', '', '0', '', '', '', '', '::1', '2016-11-08 21:46:06', '0', '');
INSERT INTO `person` VALUES('607', '63', '0', 'Zsuzsa', 'Darvasi', 'avatar.jpg', '46.7719', '23.5924', 'NUPukRWrf', 'KQBRTftLZ', '', '', '', '', '', '', '', '', '', '', '', '', '', '', '', '', '', '0', '', '', '', '', '::1', '2016-11-08 21:46:06', '0', '');
INSERT INTO `person` VALUES('608', '63', '0', 'Attila', 'Dovál', 'avatar.jpg', '46.7719', '23.5924', 'bQXPycKcA', '4cKJjbXTH', '', '', '', '', '', '', '', '', '', '', '', '', '', '', '', '', '', '0', '', '', '', '', '::1', '2016-11-08 21:46:06', '0', '');
INSERT INTO `person` VALUES('609', '63', '0', 'Melinda', 'Farkas', 'avatar.jpg', '46.7719', '23.5924', 'PeaLf8XYU', 'rgrufdbPI', '', '', '', '', '', '', '', '', '', '', '', '', '', '', '', '', '', '0', '', '', '', '', '::1', '2016-11-08 21:46:06', '0', '');
INSERT INTO `person` VALUES('610', '63', '0', 'László', 'Fülöp', 'avatar.jpg', '46.7719', '23.5924', 'MvLVqwrRD', 'urYfbYCTG', '', '', '', '', '', '', '', '', '', '', '', '', '', '', '', '', '', '0', '', '', '', '', '::1', '2016-11-08 21:46:06', '0', '');
INSERT INTO `person` VALUES('611', '63', '0', 'Ágnes', 'Gáll', 'avatar.jpg', '46.7719', '23.5924', 'ZkzZ3hNqy', 'EZ4uYnusj', '', '', '', '', '', '', '', '', '', '', '', '', '', '', '', '', '', '0', '', '', '', '', '::1', '2016-11-08 21:46:06', '0', '');
INSERT INTO `person` VALUES('612', '63', '0', 'Judith', 'Hilf', 'avatar.jpg', '46.7719', '23.5924', 'SG72GB2C7', 'FauRuSDru', '', '', '', '', '', '', '', '', '', '', '', '', '', '', '', '', '', '0', '', '', '', '', '::1', '2016-11-08 21:46:06', '0', '');
INSERT INTO `person` VALUES('613', '63', '0', 'Attila', 'Jakab', 'avatar.jpg', '46.7719', '23.5924', 'gZGcmWUNX', 'Pf2ThIwre', '', '', '', '', '', '', '', '', '', '', '', '', '', '', '', '', '', '0', '', '', '', '', '::1', '2016-11-08 21:46:06', '0', '');
INSERT INTO `person` VALUES('614', '63', '0', 'Géza', 'Kassay', 'avatar.jpg', '46.7719', '23.5924', 'RDDXmVGIq', '3vYXYzwmq', '', '', '', '', '', '', '', '', '', '', '', '', '', '', '', '', '', '0', '', '', '', '', '::1', '2016-11-08 21:46:06', '0', '');
INSERT INTO `person` VALUES('615', '63', '0', 'Attila', 'Kelemen', 'avatar.jpg', '46.7719', '23.5924', 'Lx4rbkKth', 'wmZTUTtyB', '', '', '', '', '', '', '', '', '', '', '', '', '', '', '', '', '', '0', '', '', '', '', '::1', '2016-11-08 21:46:06', '0', '');
INSERT INTO `person` VALUES('616', '63', '0', 'István', 'Kiss', 'avatar.jpg', '46.7719', '23.5924', 'r7MZu7UFt', 'YbRndqCZ5', '', '', '', '', '', '', '', '', '', '', '', '', '', '', '', '', '', '0', '', '', '', '', '::1', '2016-11-08 21:46:06', '0', '');
INSERT INTO `person` VALUES('617', '63', '0', 'Judit', 'Kocsis', 'avatar.jpg', '46.7719', '23.5924', 'gbe4Qea63', 'vn9zCSYuT', '', '', '', '', '', '', '', '', '', '', '', '', '', '', '', '', '', '0', '', '', '', '', '::1', '2016-11-08 21:46:06', '0', '');
INSERT INTO `person` VALUES('618', '63', '0', 'Éva', 'Marosán', 'avatar.jpg', '46.7719', '23.5924', 'PRBce9W2k', 'krHq2KuT6', '', '', '', '', '', '', '', '', '', '', '', '', '', '', '', '', '', '0', '', '', '', '', '::1', '2016-11-08 21:46:06', '0', '');
INSERT INTO `person` VALUES('619', '63', '0', 'Sándor', 'Mureșan', 'avatar.jpg', '46.7719', '23.5924', 'CV6XbmBcM', '8krmJ6WHn', '', '', '', '', '', '', '', '', '', '', '', '', '', '', '', '', '', '0', '', '', '', '', '::1', '2016-11-08 21:46:06', '0', '');
INSERT INTO `person` VALUES('620', '63', '0', 'Enikő', 'Nagy', 'avatar.jpg', '46.7719', '23.5924', 'D8Y4nJJrD', 'BDp5JXHqw', '', '', '', '', '', '', '', '', '', '', '', '', '', '', '', '', '', '0', '', '', '', '', '::1', '2016-11-08 21:46:06', '0', '');
INSERT INTO `person` VALUES('621', '63', '0', 'Réka', 'Nits', 'avatar.jpg', '46.7719', '23.5924', '2hGtBBW9C', 'uw5AUTq6t', '', '', '', '', '', '', '', '', '', '', '', '', '', '', '', '', '', '0', '', '', '', '', '::1', '2016-11-08 21:46:06', '0', '');
INSERT INTO `person` VALUES('622', '63', '0', 'István', 'Obernoster', 'avatar.jpg', '46.7719', '23.5924', 'Nh5uw4WLv', 'Z4ScskFdq', '', '', '', '', '', '', '', '', '', '', '', '', '', '', '', '', '', '0', '', '', '', '', '::1', '2016-11-08 21:46:06', '0', '');
INSERT INTO `person` VALUES('623', '63', '0', 'Éva', 'Óvári', 'avatar.jpg', '46.7719', '23.5924', 'cIVMkuc32', 'nXtQE2uJ8', '', '', '', '', '', '', '', '', '', '', '', '', '', '', '', '', '', '0', '', '', '', '', '::1', '2016-11-08 21:46:06', '0', '');
INSERT INTO `person` VALUES('624', '63', '0', 'Éva', 'Pákai', 'avatar.jpg', '46.7719', '23.5924', 'm6U7KFCQF', 'etzzTqYMu', '', '', '', '', '', '', '', '', '', '', '', '', '', '', '', '', '', '0', '', '', '', '', '::1', '2016-11-08 21:46:06', '0', '');
INSERT INTO `person` VALUES('625', '63', '0', 'Éva', 'Plank', 'avatar.jpg', '46.7719', '23.5924', 'puyaGCcx5', '3XMjBWIuE', '', '', '', '', '', '', '', '', '', '', '', '', '', '', '', '', '', '0', '', '', '', '', '::1', '2016-11-08 21:46:06', '0', '');
INSERT INTO `person` VALUES('626', '63', '0', 'Attila', 'Prikárszky', '12A1984/d28-0.jpg', '46.7719', '23.5924', 'YQq6y2bSF', 'tBC3q5pX7', '', '', '', '', '', '', '', '', '', '', '', '', '', '', '', '', 'https://www.facebook.com/attila.prikarszky', '0', '', '', '', '', '::1', '2016-11-08 21:46:06', '0', '');
INSERT INTO `person` VALUES('627', '63', '0', 'Ildikó', 'Puskás', 'avatar.jpg', '46.7719', '23.5924', 'dCCcVHkYw', 'prnXYIHZj', '', '', '', '', '', '', '', '', '', '', '', '', '', '', '', '', '', '0', '', '', '', '', '::1', '2016-11-08 21:46:06', '0', '');
INSERT INTO `person` VALUES('628', '63', '0', 'Attila', 'Rázmány', 'avatar.jpg', '46.7719', '23.5924', 'rQdawbpNr', 'XWsrk2gEa', '', '', '', '', '', '', '', '', '', '', '', '', '', '', '', '', '', '0', '', '', '', '', '::1', '2016-11-08 21:46:06', '0', '');
INSERT INTO `person` VALUES('629', '63', '0', 'László', 'Soós', '12A1984/d31-0.jpg', '46.7719', '23.5924', 'eKSLtwc9H', 'zcWCgnU5R', '', '', '', '', '', 'Kolozsvár', '', '', '', '', '', '', '', 'Abacomp', '', '', 'https://www.facebook.com/soos.laszlo.3', '0', '', '', '', '', '::1', '2016-11-08 21:46:06', '0', '');
INSERT INTO `person` VALUES('630', '63', '0', 'József', 'Szabó', 'avatar.jpg', '46.7719', '23.5924', '4AChMzYkb', 'DDfEZV6a8', '', '', '', '', '', 'Kolozsvár', '', '', '', '', '', '', '', '', '', '', 'https://www.facebook.com/szbjoco', '0', '', '', '', '', '::1', '2016-11-08 21:46:06', '0', '');
INSERT INTO `person` VALUES('631', '63', '0', 'Katalin', 'Szabó', 'avatar.jpg', '46.7719', '23.5924', 'eXjjb9fNa', 'wrsZrKBxz', '', '', '', '', '', '', '', '', '', '', '', '', '', '', '', '', '', '0', '', '', '', '', '::1', '2016-11-08 21:46:06', '0', '');
INSERT INTO `person` VALUES('632', '63', '0', 'Tünde', 'Szabó', 'avatar.jpg', '46.7719', '23.5924', 'NmqIf7V7w', 'L2LVHyyQX', '', '', '', '', '', '', '', '', '', '', '', '', '', '', '', '', '', '0', '', '', '', '', '::1', '2016-11-08 21:46:06', '0', '');
INSERT INTO `person` VALUES('633', '63', '0', 'Zsolt', 'Szakács', 'avatar.jpg', '46.7719', '23.5924', '9KxEmWFmy', 'VqkTnAVYc', '', '', '', '', '', 'Szentendre', 'Magyarország', '', '', '', '', '', '', '', '', '', 'https://www.facebook.com/szatya.zsolt', '0', '', '', '', '', '::1', '2016-11-08 21:46:06', '0', '');
INSERT INTO `person` VALUES('634', '63', '0', 'László', 'Tulogdi', 'avatar.jpg', '46.7719', '23.5924', 'mSdvhxQpg', 'gXnqPJwWY', '', '', '', '', '', '', '', '', '', '', '', '', '', '', '', '', '', '0', '', '', '', '', '::1', '2016-11-08 21:46:06', '0', '');
INSERT INTO `person` VALUES('635', '63', '0', 'Lenke', 'Újvári', 'avatar.jpg', '46.7719', '23.5924', 'puwsad9Uu', 'eyQGd72g7', '', '', '', '', '', '', '', '', '', '', '', '', '', '', '', '', '', '0', '', '', '', '', '::1', '2016-11-08 21:46:06', '0', '');
INSERT INTO `person` VALUES('636', '63', '0', 'György', 'Veér', 'avatar.jpg', '46.7719', '23.5924', '9x6S88csD', 'XeVpgNxh7', '', '', '', '', '', '', '', '', '', '', '', '', '', '', '', '', '', '0', '', '', '', '', '::1', '2016-11-08 21:46:06', '0', '');
INSERT INTO `person` VALUES('637', '63', '0', 'Annamária', 'Vincze', 'avatar.jpg', '46.7719', '23.5924', 'qj9xzHq8t', '94STHIpt8', '', '', '', '', '', '', '', '', '', '', '', '', '', '', '', '', '', '0', '', '', '', '', '::1', '2016-11-08 21:46:06', '0', '');
INSERT INTO `person` VALUES('638', '64', '0', 'Gizella', 'Tamás', 'DIAK_1.GIF', '46.70879427751824', '23.435211181640625', 'Gizu', 'tr12321', '', 'András', 'Sándor', '~Szőlő út 96', '~407505', '~Tordaszentlászló', '~Románia', '~00-40-748-103623', '~', '~tkgizella@yahoo.com', '~', '~', 'Könyvelöi tanfolyam', 'Poliker Kft., Tordaszentlászló', 'Elökönyvelő', 'Antal-1990, Károly-1992', '~', '0', '', '~~<p>Itt dolgozom: http://www.ok.com</p><p>Mailc&iacute;m: asda@asdasd.de Ok</p><p>V&eacute;ge</p>			', '~<p>Egy kedves eml&eacute;kem maradt a legfontosabb k&eacute;zilabda m&eacute;rkőz&eacute;s&uuml;nkről, amit a Brassai H&eacute;ten j&aacute;tszodtunk XI. oszt&aacute;lyban, a Brassai Kupa keret&eacute;ben, persze a h&iacute;res XII. A oszt&aacute;llyal.&nbsp;</p><p>Mialatt Magdi, &Aacute;gi, Edit, Juli meg a t&ouml;bbiek mindent megtettek annak &eacute;rdek&eacute;ben, hogy kij&aacute;tssz&aacute;k azokat a durva, erős l&aacute;nyokat, azalatt &eacute;n a kapuban &aacute;csorogva - de persze vel&uuml;k egy&uuml;tt k&uuml;zdve -lettem figyelmes egy hangra: &bdquo;Hajr&aacute;, Gizi! Hajr&aacute; XI.A!\" A kis Farkas, a Bir&oacute; &Aacute;d&aacute;m &ouml;ccse ord&iacute;tott a h&aacute;l&oacute; m&ouml;g&uuml;l. J&oacute;l esett a biztat&aacute;s.&nbsp;</p><p>A meccset v&eacute;g&uuml;l nagy &ouml;r&ouml;m&uuml;nkre megnyert&uuml;k.</p>', '', '::1', '2016-11-08 21:46:06', '0', '');
INSERT INTO `person` VALUES('639', '64', '0', 'Dorottya', 'Varga', 'DIAK_2.GIF', '47.63893557098788', '19.03681755065918', 'dori', 'dr1234', '', 'Balogh', 'Sebők József', '~Bajcsy-Zsilinszky u. 8', '~2013', '~Pomáz', 'Magyarország', '~', '~00-36-20-8088708', '~vergadori@yahoo.com', '~', '~', 'Budapesti Tanítóképző Főiskola - Angol Müveltségterületi Képzés', 'Sashegyi Sándor Általános Iskola - Pomáz', 'Angol tanár', 'Réka - 2000', 'https://www.facebook.com/dorottya.varga.92', '0', '', '', '~<p>				﻿Val&oacute;ban nem mondhatom, hogy velem semmi &eacute;rdekes nem t&ouml;rt&eacute;nt az egy&uuml;tt t&ouml;lt&ouml;tt 12 &eacute;v alatt, hiszen az eg&eacute;sz egy nagy kaland volt, de igen neh&eacute;z egyet kiragadni belőle. Az, ami mostan&aacute;ban motoszk&aacute;l bennem, lehet, hogy csak a szakm&aacute;m miatt &eacute;rdekes, sőt tanuls&aacute;gos sz&aacute;momra, de lehet, hogy a t&ouml;bbieknek is jelent valamit. A t&ouml;rt&eacute;net nem r&oacute;lam sz&oacute;l, hanem elsősorban egy csod&aacute;latos pedag&oacute;gusr&oacute;l, akinek siker&uuml;lt eljutnia arra az erk&ouml;lcsi magaslatra, hogy egy di&aacute;kja előtt beismerje saj&aacute;t t&eacute;ved&eacute;s&eacute;t.&nbsp;</p><div><br /></div><div>Az t&ouml;rt&eacute;nt ugyanis, hogy II. vagy III. oszt&aacute;lyos korunkban D&oacute;di tan&iacute;t&oacute; n&eacute;ni valamire oszt&aacute;lyp&eacute;nzt szedett. Sover Tibin sz&aacute;mon k&eacute;rte, hogy t&ouml;bbsz&ouml;ri figyelmeztet&eacute;s ellen&eacute;re sem hozta be az esed&eacute;kes &ouml;sszeget. Kedves oszt&aacute;lyt&aacute;rsunk k&ouml;t&ouml;tte az ebet a kar&oacute;hoz, hogy m&aacute;rpedig ő odaadta. Ebből n&eacute;mi vita kerekedett, amit a fent eml&iacute;tett igen j&oacute; modor&uacute; oszt&aacute;lyt&aacute;rsunk nemes egyszerűs&eacute;ggel &uacute;gy z&aacute;rt le, hogy a tan&iacute;t&oacute; n&eacute;nit &bdquo;V&eacute;n bolondnak\" nevezte. Erre nem az t&ouml;rt&eacute;nt, amire mindenki sz&aacute;m&iacute;tana, ha a saj&aacute;t gyereke mondana hasonl&oacute; kedves b&oacute;kot neki. Kis gondolkoz&aacute;s ut&aacute;n D&oacute;di tan&iacute;t&oacute; n&eacute;ni r&aacute;j&ouml;tt, hogy a p&eacute;nzt val&oacute;ban megkapta, &eacute;s k&ouml;z&ouml;lte Tibivel, hogy: &bdquo;Igazad van, val&oacute;ban v&eacute;n bolond vagyok\".&nbsp;</div><div><br /></div><div>A magam r&eacute;sz&eacute;ről annyit fűzn&eacute;k hozz&aacute;, hogy rem&eacute;lem, nekem is siker&uuml;l majd mindig szem előtt tartani ezt a t&ouml;rt&eacute;netet, &eacute;s nem di&aacute;kjaimat ledorongolni saj&aacute;t t&eacute;ved&eacute;seim miatt, csak az&eacute;rt hogy tekint&eacute;lyemet megőrizzem. \n								</div>', '', '::1', '2016-11-08 21:46:06', '0', '');
INSERT INTO `person` VALUES('640', '64', '0', 'Emese', 'Barabási', 'avatar.jpg', '46.7719', '23.5924', 'emese', 'sk326sd', 'guest', '', '', '', '', '', 'Magyarország', '', '', 'ebarabas67@gmail.com', '', '', '', '', '', '', '', '0', '', '<p>								Szoftvert fejlesztek</p><div><br /></div><div><img src=\"images/vicces.png\" alt=\"\" /><br /></div>', '<p>Sz&eacute;p volt!</p><div><br /><div><img src=\"images/mosolygo.png\" alt=\"\" /><br /></div></div>', '<p>Unatkoz&oacute;m</p><div><br /></div><div><img src=\"images/szomoru.png\" alt=\"\" /><br /></div>', '::1', '2016-11-08 21:46:06', '0', '');
INSERT INTO `person` VALUES('641', '64', '0', 'Jenő-Rudolf', 'Barabási', 'DIAK_3.GIF', '46.66772753213452', '21.115078926086426', 'jenci', 'CFdepocf99', '', '', 'Izabella', '~Lencsési út 22/5', '~5600', '~Békéscsaba', 'Magyarország', '~0036-66-737632', '~0036-30-5366665', '~jenorudi@gmail.com', '~', 'jenorudi', 'Kolozsvári Müszaki Egyetem - villamosmérnök', 'SZSZK Szeged MÁV Start Személyszállító Zrt', 'Müszaki szakelõadó', 'Izabella Júlia 1998', 'https://www.facebook.com/jeno.barabasi', '856433594405526', '', '', '~<p>				﻿Főszereplők: rom&aacute;n tan&aacute;rnő (Zahoranschi Viorica) &eacute;s alul&iacute;rott. II. vagy III. &eacute;vharmadban t&ouml;rt&eacute;nt, X. oszt&aacute;lyban. Eminescu l&iacute;rai k&ouml;lt&eacute;szet&eacute;nek cs&uacute;csalkot&aacute;s&aacute;t kezdt&uuml;k tanulni t&ouml;bb &oacute;r&aacute;n kereszt&uuml;l (&eacute;rdemes megjegyezni a volt rom&aacute;n tan&aacute;rnőnkről, hogy a szaval&aacute;s &eacute;s a k&iacute;v&uuml;lről magtanult versek t&ouml;mkeleg&eacute;nek volt a megsz&aacute;llottja). Egy&eacute;rtelmű, hogy a k&ouml;vetkező &oacute;r&aacute;ra az elemz&eacute;s mellett min. 20 versszakot kellett k&iacute;v&uuml;lről f&uacute;jni a &bdquo;Luceaf&aacute;rul\"-b&oacute;l. Igaz, hogy a dallamoss&aacute;g &eacute;s a majdnem t&ouml;k&eacute;letes r&iacute;m jellemzi a remekművet, viszont nem mindenkinek az erős oldala a verstanul&aacute;s, ez r&aacute;m is jellemző volt. Teh&aacute;t a m&aacute;sodik &oacute;ra, napl&oacute; kiny&iacute;lik... s mit ad a j&oacute; &Eacute;g... pont a nevemn&eacute;l. Fel&aacute;lltam, picit meghajoltam, megk&ouml;sz&ouml;r&uuml;ltem a torkom s belev&aacute;gtam a szaval&aacute;sba. 6-7 versszak ut&aacute;n, Windows m&oacute;dra k&eacute;k hal&aacute;l &aacute;llt be &eacute;s egy sor sem jutott eszembe. R&aacute;m n&eacute;zett k&ouml;ny&ouml;rtelen szemeivel, melyekben ott l&aacute;ttam csillogni a szekund&aacute;t s megk&eacute;rdezte: &bdquo;Ennyi? H&aacute;rmas! &Uuml;lj le!\" &Eacute;s m&eacute;g hozz&aacute;tette: &bdquo;Aki nem k&eacute;pes megtanulni ennyit, az nem &eacute;rdemel t&ouml;bbet.\" El&eacute;g bors&oacute;s hangulatban lehetett... ez van, mondtam magamban, majd kijav&iacute;tom.&nbsp;</p><div><br /></div><div>A harmadik &oacute;r&aacute;n szent&uuml;l meg voltam győződve, hogy nem fogok felelni, hisz m&aacute;r 40-50 versszakra m&oacute;dosult a terv. Ez &iacute;gy is volt. 3-4 oszt&aacute;lyt&aacute;rsam szavalt kevesebb /t&ouml;bb sikerrel... m&aacute;r becsukni k&eacute;sz&uuml;lt a napl&oacute;t, amikor megakadt a szeme rajtam... Ez volt a v&eacute;gzetes pillanat. A napl&oacute; &uacute;jra kiny&iacute;lik, elhangzik a nevem &eacute;s a t&ouml;rt&eacute;nelem persze ism&eacute;tlődik (tisztelettud&oacute; meghajl&aacute;s stb.) H&aacute;t az&eacute;rt ami igaz az igaz... most k&eacute;sőbb &aacute;llt be a fagyhal&aacute;l, kb. a 14. versszakn&aacute;l. A folytat&aacute;st gondolom mondanom se kell: &bdquo;Ennyi? H&aacute;rmas! &Uuml;lj le!\" Hmmm... mondom magamban, ennek m&aacute;r fele sem tr&eacute;fa, ha &iacute;gy folytatom, m&aacute;r k&eacute;rdőre lehet vonni rom&aacute;nb&oacute;l az &eacute;vharmadi z&aacute;r&aacute;somnak siker&eacute;t. Az &oacute;ra elemz&eacute;ssel folytat&oacute;dott, a v&eacute;g&eacute;n pedig a kedves Viorica megjegyezte, hogy j&ouml;vő &oacute;r&aacute;ra annyi versszakot tudjunk amennyi bel&eacute;nk f&eacute;r, illetve nagyon aj&aacute;nlja, hogy az eg&eacute;sz verset tanuljuk meg. \n\nK&ouml;vetkező &oacute;r&aacute;ra persze, hogy bevetettem a rendelkez&eacute;sre &aacute;ll&oacute; &ouml;sszes arzen&aacute;lt &eacute;s legal&aacute;bb 20 versszakkal m&aacute;r k&ouml;rnyezetbar&aacute;t voltam, tov&aacute;bbra m&aacute;r nem is t&ouml;rekedtem... hiszen egy leck&eacute;ből m&aacute;r k&eacute;t jegyet is kaptam. \n\nHarmadik &oacute;ra. Mindenki mosolyog, a tan&aacute;rnő is, sok oszt&aacute;lyt&aacute;rsam k&iacute;v&uuml;lről f&uacute;jta a k&ouml;ltem&eacute;nyt. \n\nM&aacute;r nem sok volt h&aacute;tra az &oacute;r&aacute;b&oacute;l. &Eacute;ppen a padt&aacute;rsammal osztottam meg v&eacute;lem&eacute;nyemet, amikor mennyd&ouml;rg&eacute;sk&eacute;nt has&iacute;tott a f&uuml;lembe a nevem. &Uacute;gy &eacute;reztem magam, mint a v&aacute;dlott a Viorica &aacute;ltal megtestes&iacute;tett b&iacute;r&oacute; előtt, az &iacute;t&eacute;let kimond&aacute;sa előtt. L&aacute;baimb&oacute;l elsz&aacute;llt az erő s bottal tipegő, megr&eacute;m&uuml;lt arc&uacute; emberke m&oacute;dj&aacute;ra v&aacute;nszorogtam ki a t&aacute;bl&aacute;hoz.\n\nA tan&aacute;rnő v&eacute;gigm&eacute;rt tetőtől talpig, s mivel m&aacute;r sanda gyan&uacute; lehetett benne az &aacute;ltalam ismert versszakok sz&aacute;m&aacute;r&oacute;l, csak ennyit k&eacute;rdezett: \n\n&bdquo;Kedves fiam, mennyi?\" Mondom &eacute;n b&aacute;rgy&uacute; mosollyal: minimum 20. Szentt&uuml;l meg voltam győződve, hogy ezzel a v&aacute;lasszal al&aacute;&iacute;rtam a v&eacute;grendeletemet. Forgatni kezdte a szemeit s nem eg&eacute;szen jambus r&iacute;mekben dobolni kezdett az ujjaival az asztalon. Huuuuuhh mondom magamban, ez megint egy 3-as lesz, &eacute;s &iacute;gy, elm&eacute;lked&eacute;sem k&ouml;zepette hallottam a m&aacute;sodik k&eacute;rd&eacute;st: &bdquo;Kedves fiam, tudod te egy&aacute;ltal&aacute;n, mi van a fejedben?\" \n\nAnnyira meglepő &eacute;s hirtelen m&oacute;don fogalmaz&oacute;dott meg a v&aacute;lasz az agyamban, hogy majdnem &eacute;szre se vettem, amikor kimondtam: &bdquo;H&aacute;t persze, hogy tudom hogy mi van a saj&aacute;t agyamban, k&aacute;osz mint a &bdquo;Luceaffirul\"-ban...\" &eacute;s ezzel el is n&eacute;multam. Nem telt el r&ouml;pke 2 m&aacute;sodperc s hallom a tan&aacute;rnőt: \n\n&bdquo;T&ouml;k&eacute;letesen igazad van fiam. Hetes! &Uuml;lj le!\" H&aacute;t &iacute;gy di&oacute;h&eacute;jban ennyi. \n												</div>		', '', '::1', '2016-11-08 21:46:06', '0', '');
INSERT INTO `person` VALUES('642', '64', '0', 'Zsolt', 'Benedek', 'DIAK_4.GIF', '46.765265193337974', '23.57940673828125', 'zsolt', 'zs1234', '', '', 'Márta', '~Str. Vânâtorului Nr.13', '~400213', '~Kolozsvár', 'Románia', '~0040 744 534142', '~00 40', '~zsoltbenedek@epinvest.ro', '~', '~', 'Brassai Sámuel Líceum, Kolozsvár', '~EPINVEST KFT, Kolozsvár', '~tulajdonos', 'Gábor Zsolt - 1993, Tímea Ágnes - 1995', 'https://www.facebook.com/benedek.zsolt.50', '0', '', '', '', '', '::1', '2016-11-08 21:46:06', '0', '');
INSERT INTO `person` VALUES('643', '64', '0', 'Enikő', 'Hinschütz', 'DIAK_5.GIF', '49.374507547891625', '8.53163480758667', 'berci', 'be6512', '', 'Bereczki', 'Hinschütz Eike', '~Dazingerstr.13', '~68775', '~Ketsch', 'Németország', '~00-49-6202 6070029', '~+491633932566', '~enikoe.hinschuetz@arcor.de', '~', '~', 'fogorvosi aszisztens', '~INTER Betegbiztosító Társaság, Mannheim', '~Elszámolási osztály', 'Alexander - 1995, Katharina - 2004', 'https://www.facebook.com/eniko.hinschutz', '0', '', '', '<p>Tal&aacute;n IX. oszt&aacute;lyban t&ouml;rt&eacute;nt, műhely&oacute;r&aacute;n. Magunkra hagyott a műhelyben a tan&aacute;r, &uacute;gy j&oacute; egy &oacute;r&aacute;t. Ez alatt az idő alatt a kezembe ker&uuml;lt valami f&eacute;mp&aacute;lcika. Persze, ki kellett hegyezni mind a k&eacute;t v&eacute;g&eacute;t &eacute;s az ajt&oacute;ba kellett dobni, mint a nyilat. A v&eacute;ge az volt, hogy majdnem mindenki hegyzett mag&aacute;nak egy p&aacute;lcik&aacute;t, azut&aacute;n meg dobig&aacute;lta az ajt&oacute;t. Amire a tan&aacute;r megjelent, olyan volt az ajt&oacute;, mint egy sv&aacute;jci sajt. Az eredm&eacute;ny az lett, hogy kb. 9-en meg kellett hogy jelenj&uuml;nk az igazgat&oacute;n&aacute;l, magaviseletből is 9-est kaptunk mindannyian. \n</p>\n		<hr><p>Egyszer k&eacute;t lyukas &oacute;r&aacute;nk volt &eacute;s meg akartunk l&oacute;gni, az&eacute;rt, hogy moziba menj&uuml;nk. Sover Tibivel egy&uuml;tt seg&iacute;tett&uuml;nk a t&ouml;bbieknek kim&aacute;szni az ablakon. M&aacute;r csak &eacute;n &eacute;s Tibi voltunk benn az oszt&aacute;lyban (a t&ouml;bbiek m&aacute;r kim&aacute;sztak), amikor megtudtuk, hogy az igazgat&oacute; &eacute;s az oszt&aacute;lyfőn&ouml;k &eacute;ppen j&ouml;nnek ellenőrizni, hogy mi t&ouml;rt&eacute;nik ott, mert a szemk&ouml;zti nyomd&aacute;b&oacute;l felh&iacute;vt&aacute;k őket, ugyanis m&aacute;sznak ki a sulisok az ablakon. Amire kirohantunk az oszt&aacute;lyb&oacute;l, a kanyarban tal&aacute;lkoztunk is vel&uuml;k. K&eacute;rdezt&eacute;k, hogy vajon nem a mi oszt&aacute;lyunkb&oacute;l m&aacute;sznak ki az ablakon? Mi persze azt mondtuk, hogy nem, nem tudjuk, mert mi az udvarr&oacute;l j&ouml;v&uuml;nk. Sz&eacute;p volt! A t&ouml;bbiek t&eacute;nyleg elmentek a moziba, de mi ott ragadtunk &eacute;s unatkoztunk. &bull; Az első &eacute;vekben, amikor &uacute;gy igaz&aacute;b&oacute;l egyed&uuml;l voltam itt N&eacute;metorsz&aacute;gban, volt időm &aacute;tgondolni mindazokat a dolgokat, amiket az iskol&aacute;ban művelt&uuml;nk. Ezek seg&iacute;tettek &aacute;t egy nagyon neh&eacute;z időszakon. Akkor m&eacute;g nem tudtam, hogy mi lesz velem &eacute;s hogy mik&eacute;nt fog alakulni a j&ouml;vőm. Ezek az &eacute;lm&eacute;nyek tartott&aacute;k bennem a lelket.</p>', '', '::1', '2016-11-08 21:46:06', '0', '');
INSERT INTO `person` VALUES('644', '64', '0', 'Ádám-Atilla', 'Biró', 'avatar.jpg', '46.76714653871027', '23.62060546875', 'bircsi', 'bi7864', 'guest', '', 'Horváth Erika', '~Artelor u. 29', '~400439', '~Kolozsvár', 'Románia', '~0049-722-593612', '~', '~hipic@incitato.ro', '~', '~', 'Marosvásárhelyi Állategészségügyi Technikum', 'Incitato nyomda és Incitato lovasiskola', 'Tulajdonos, végrehajtó igazgató', 'Helga Imola 1998', 'https://www.facebook.com/biro.attila3', '0', '', '', '', '', '::1', '2016-11-08 21:46:06', '0', '');
INSERT INTO `person` VALUES('645', '64', '0', 'Katalin', 'Kovács', 'DIAK_6.GIF', '46.7719', '23.5924', 'kati', 'bi3245', '', 'Biró', 'Kovács Attila', '~G.Baritiu u. 32', '~400027', '~Kolozsvár', 'Románia', '~0040-264-372034', '~', '~katalinkovacs09@gmail.com', '', '~', 'Kolozsvári Orvosi Egyetem', 'Egyéni családorvosi rendelő, Kolozsvár Mócok út 84', 'Föorvos', 'Emese - 1994, Atilla -2001', '', '0', '', '', '<p>﻿IX. oszt&aacute;lyban t&ouml;rt&eacute;nt, a III. &eacute;vharmadban. Az akkoriban k&ouml;telező műhely&oacute;ra ut&aacute;n ment&uuml;nk hazafel&eacute; az iskol&aacute;b&oacute;l F&uuml;l&ouml;p &Aacute;gival, este f&eacute;l 8 k&ouml;r&uuml;l, de m&eacute;g vil&aacute;goss&aacute;gban. A posta melletti parkban meg&aacute;lltunk, ugyanis &eacute;szrevett&uuml;k, hogy arrafel&eacute; j&ouml;n k&eacute;t oszt&aacute;lyt&aacute;rsunk, Zsib&oacute;i M&aacute;rta &eacute;s Hencz Pap Luk&aacute;cs, k&eacute;z a k&eacute;zben. Elb&uacute;jtunk a bokrok k&ouml;z&ouml;tt, abban rem&eacute;nykedve, hogy le tudjuk figyelni őket. M&aacute;rt&aacute;&eacute;k sajnos m&aacute;s &uacute;tvonalon mentek tov&aacute;bb, nem &eacute;rintett&eacute;k a parkot, de mi ezt nem tudhattuk, &iacute;gy tov&aacute;bb v&aacute;rakoztunk.&nbsp;</p><p>Egyszer csak megsz&oacute;lal m&ouml;g&ouml;tt&uuml;nk egy m&eacute;ly f&eacute;rfihang, rom&aacute;nul. Arr&oacute;l &eacute;rdeklőd&ouml;tt, hogy mit keres&uuml;nk mi este a parkban. A rendőrt l&aacute;tv&aacute;n mi &uacute;gy megijedt&uuml;nk, hogy nem tudtunk sz&oacute;hoz jutni. Az egyetlen dolog, ami esz&uuml;nkbe jutott, az volt, hogy ne b&aacute;ntson minket, mert mi nagyon j&oacute; tanul&oacute;k vagyunk (ez csak rom&aacute;nul igaz&aacute;n humoros, azt mondtuk neki, hogy &bdquo;Noi sintem eleve de nota 10\"). Szeg&eacute;ny rendőr l&aacute;thatta, hogy nem k&eacute;t bet&ouml;rővel van dolga, de az&eacute;rt nem pr&oacute;b&aacute;lt minket gyorsan megnyugtatni. Ez&eacute;rt &eacute;n k&eacute;rtem, ha nem hisz nek&uuml;nk, j&ouml;jj&ouml;n haza hozz&aacute;nk, &eacute;s &Eacute;desap&aacute;m is tudja igazolni &aacute;ll&iacute;t&aacute;sainkat. Mondjuk ez nem volt rossz &ouml;tlet, hisz csak 100 m&eacute;tert kellett volna megtenni a h&aacute;zunkig. &Aacute;gi, hogy mentse a menthetőt, ő is h&iacute;vta a rendőrt haza hozz&aacute;juk, az &eacute;rdekes ebben az volt, hogy ők a Don&aacute;th &uacute;t v&eacute;g&eacute;n laktak.&nbsp;</p><p>Miut&aacute;n &bdquo;kiszabadultunk\" a rendőr kez&eacute;ből &eacute;s haza&eacute;rt&uuml;nk, r&ouml;gt&ouml;n felh&iacute;vtuk egym&aacute;st, &eacute;s s&iacute;rtunk-kacagtunk, mik&ouml;zben &uacute;jra &aacute;t&eacute;lt&uuml;k a t&ouml;rt&eacute;nteket. Egy h&oacute;napig rettegt&uuml;nk att&oacute;l, hogy a rendőr bev&aacute;ltja &iacute;g&eacute;ret&eacute;t, &eacute;s &eacute;rtes&iacute;teni fogja az iskola igazgat&oacute;s&aacute;g&aacute;t.</p>', '', '::1', '2016-11-08 21:46:06', '0', '');
INSERT INTO `person` VALUES('646', '64', '0', 'Sándor', 'Bujáki', 'DIAK_7.GIF', '47.9313', '23.9062', 'bees', 'MmAyFxaZL', '', '', 'Inge', '~Prieteniei u. 1, II/9', '~540438', '~Marosvásárhely', 'Románia', '~0040-265-257359', '~0040-93-584831', '~bujakis@gmail.com', '', '~', 'Kolozsvári Müszaki Egyetem - villamosmérnök', 'Transilvania Bank, Marosvásárhely', 'osztályvezető', 'Eszter 2000', '', '0', '', '', '~<p></p><p>V&eacute;lem&eacute;nyem szerint a r&ouml;vid t&ouml;rt&eacute;netek jobbak &eacute;s velősebbek, mint a hossz&uacute;ak. Ennek jegy&eacute;ben sz&uuml;letett szeretett &eacute;nektan&aacute;runk, Csalah Gy&ouml;rgy &bdquo;főszerepl&eacute;s&eacute;vel\" a k&ouml;vetkező epiz&oacute;d: Valamilyen nemzeti &uuml;nnep alkalm&aacute;val &ouml;sszegyűjt&ouml;tt&eacute;k az iskola oszt&aacute;lyait a d&iacute;szteremben, a szok&aacute;sos egy&oacute;r&aacute;s m&eacute;ltat&aacute;s &uuml;nnepl&eacute;s &uuml;r&uuml;gy&eacute;n. Term&eacute;szetesen az ifj&uacute;s&aacute;g ilyen t&ouml;megben vill&aacute;mgyorsan elvesztette t&uuml;relm&eacute;t &eacute;s egyre fokoz&oacute;d&oacute; hangzavarban v&aacute;rta a tulajdonk&eacute;ppeni gyűl&eacute;st. Iskol&aacute;nk akkori igazgat&oacute;ja, Boda K&aacute;roly a prez&iacute;dium sark&aacute;n ism&eacute;telten csendet (&eacute;s t&uuml;relmet) k&eacute;rt, egyre hangosabban &eacute;s egyre rem&eacute;nytelenebb&uuml;l:&nbsp;<span style=\"font-size: 11px;\">&bdquo;Csenddd! Legyen m&aacute;r csenddd!\"&nbsp;</span><span style=\"font-size: 11px;\">term&eacute;szetesen minden eredm&eacute;ny n&eacute;lk&uuml;l. Ekkor hallatszott be a nyitott d&iacute;szteremajt&oacute;n, a fől&eacute;pcső felől Csalah f&eacute;lreismerhetetlen, kim&eacute;rt l&eacute;p&eacute;se, &eacute;s erőteljes ki&aacute;lt&aacute;sa: &bdquo;Ha valamelyiket elkapom!\" Azonnali dermedt csend lett az eredm&eacute;ny. &nbsp;</span></p><hr><p><span style=\"font-size: 11px;\">M&aacute;sik sztori, az alul&iacute;rott fő- illetve leszerepl&eacute;s&eacute;vel... Ha minden igaz, XI. oszt&aacute;lyban, a deriv&aacute;ltak-deriv&aacute;l&aacute;sok bifl&aacute;z&aacute;sakor t&ouml;rt&eacute;nt. Megtanultuk a deriv&aacute;l&aacute;sokat, &eacute;s Szőcs tan&aacute;rnő, j&oacute; szok&aacute;s&aacute;hoz h&iacute;ven, megfelelő mennyis&eacute;gű h&aacute;zi feladattal l&aacute;tott el benn&uuml;nket: az anal&iacute;zis tank&ouml;nyvben, ha j&oacute;l eml&eacute;kszem, egy teljes oldal (vagy m&eacute;g ann&aacute;l is t&ouml;bb) volt a terjedelme, t&ouml;bb mint 30 gyakorlat volt. Sajnos akkor nem voltam (most sem vagyok) k&uuml;l&ouml;n&ouml;sebben fellelkesedve az ilyen munk&aacute;s feladatokt&oacute;l,ez&eacute;rt neki&aacute;lltam &eacute;s hősiesen &aacute;tk&uuml;zd&ouml;ttem magam tal&aacute;n az első kettőn. Hossz&uacute; volt, meg unalmas, semmi kedvem sem volt v&eacute;gigcsin&aacute;lni, ez&eacute;rt megn&eacute;ztem a t&ouml;bbi gyakorlatot, biztos voltam benne, hogy b&aacute;rmelyiket meg tudom oldani, ha kisz&oacute;l&iacute;tanak a t&aacute;bl&aacute;hoz, &iacute;gy, mint aki j&oacute;l (?) v&eacute;gezte dolg&aacute;t, becsuktam a k&ouml;nyvet &eacute;s egy&eacute;b ut&aacute;n n&eacute;ztem.&nbsp;</span></p><p><span style=\"font-size: 11px;\">Na de elj&ouml;tt a m&aacute;snapi anal&iacute;zis &oacute;ra, &eacute;s Szőcs Jutka elkezdte ellenőrizni a h&aacute;zi feladatokat, egyenk&eacute;nt sz&oacute;l&iacute;tva fel benn&uuml;nket. Engem is sz&oacute;l&iacute;tott tal&aacute;n m&aacute;sodik vagy harmadik voltam , de nekem term&eacute;szetesen nem volt meg a megold&aacute;som. Le&uuml;ltetett, majd n&eacute;h&aacute;ny gyakorlat ut&aacute;n ism&eacute;t k&eacute;rdezett. Term&eacute;szetesen (???) ez a gyakorlat sem volt meg. A k&ouml;vetkezőt is tőlem k&eacute;rdezte, persze, hogy nem volt meg...&nbsp;</span></p><p><span style=\"font-size: 11px;\">Ekkor BS megpr&oacute;b&aacute;lta menteni ami m&eacute;g menthető volt, megmondta, hogy nem v&eacute;gezte el a h&aacute;zi feladatot, de ha kell, ak&aacute;rmelyiket levezeti a t&aacute;bl&aacute;n&aacute;l. Ehelyett Szőcs Jutka nagyon csendesen &eacute;s kim&eacute;rten azt mondta: &bdquo;nem sz&uuml;ks&eacute;ges,\" majd bev&eacute;sett egy recsegő 3-ast a napl&oacute;ba... Kocsis Magdi, aki az első padban &uuml;lt &eacute;s mindent j&oacute;l l&aacute;tott-hallott, sz&uuml;netben odaj&ouml;tt hozz&aacute;m &eacute;s r&eacute;m&uuml;lten mondta: &bdquo;T&eacute;nyleg be&iacute;rta...\" &Eacute;letemben sem előtte, sem ut&aacute;na nem volt soha semmilyen tant&aacute;rgyb&oacute;l h&aacute;rmasom, csup&aacute;n ez az egy &aacute;rva darab. Most sem vagyok biztos benne, hogy b&aacute;rmit is tanultam volna belőle, de meg&eacute;rdemelten kaptam, ez vitathatatlan.</span></p>		', '', '::1', '2016-11-08 21:46:06', '0', '');
INSERT INTO `person` VALUES('647', '64', '0', 'Edina', 'Gáspár', 'cosma_edina.jpg', '47.17477833929903', '18.39111328125', 'Edina', 'oi8765rf', '', 'Cosma', '', '~Mancz János u. 4/D 4/14', '~8000', '~Székesfehérvár', '~Magyarország', '~00-36-22347396', '~', '~edina022@gmail.com', '~', '~', 'Kandó Kálmán Főiskola, Székesfehérvár', 'Óbudai Egyetem-AMK, Székesfehérvár', '~kari adminisztrátor', '', 'https://www.facebook.com/edina.gaspar.524', '0', '', '', 'XI-XII-ben a f&eacute;l oszt&aacute;ly k&aacute;rtyal&aacute;zban &eacute;gett. Minden sz&uuml;netben k&aacute;rty&aacute;ztunk, egy nem t&uacute;l intelligens, de ann&aacute;l j&oacute;pof&aacute;bb j&aacute;t&eacute;kot, melynek &bdquo;kempsz\" volt a neve. N&eacute;gy ember j&aacute;tszhatta, 2 csapatban, &eacute;s a csapattagoknak olyan jelet kellett kital&aacute;lniuk, amellyel k&ouml;nnyen jelezhettek egym&aacute;snak, ha &ouml;sszegyűlt a n&eacute;gy egyforma k&aacute;rtya. Erre a jelre kellett a csapattagnak be&uuml;v&ouml;ltenie, hogy &bdquo;kempsz\". Sajnos a mi jel&uuml;nket mindig elcs&iacute;pt&eacute;k, &iacute;gy ritk&aacute;n tudtunk nyerni.&nbsp;		', '', '::1', '2016-11-08 21:46:06', '0', '');
INSERT INTO `person` VALUES('648', '64', '0', 'István', 'Császár', 'DIAK_9.GIF', '46.76223726516361', '23.59791398048401', 'Csaszi', 'cs234587', '', '', 'Gyöngyvér', '~Tordai út 65', '~400193', '~Kolozsvár,', 'Románia', '~0040-264-440647', '~0040-722-354107', '~office@pizzarex.ro', 'http://pizzarex.ro', '~csaszi67', 'Brassai Sámuel Líceum, Kolozsvár', 'REX pizzázó', 'tulajdonos', 'István Atilla- 1997', 'https://www.facebook.com/pizzarex.cluj', '0', '', '', '~~Annyi minden t&ouml;rt&eacute;nt, hogy nem igaz&aacute;n tudom, mit is v&aacute;lasszak.', '', '::1', '2016-11-08 21:46:06', '0', '');
INSERT INTO `person` VALUES('649', '64', '0', 'Ildikó', 'Dávid', 'DIAK_10.GIF', '46.35972369548122', '25.793838500976562', 'dani', 'da67345', '', 'Dániel', 'Dávid Zoltán', '~Florilor u. 30/2', '~4100', '~Csíkszereda', 'Románia', '~0040-266-311818', '~0040-745-869225', '~dildi67@gmail.com', '~', '~', 'Babes-Bolyai Tudományegyetem - informatikus', 'Carpatica Kereskedelmi Bank, Csíkszereda', 'informatikus', 'Péter - 1992, Gyopár - 1994', 'https://www.facebook.com/profile.php?id', '0', '', '', 'M&aacute;sodikban t&ouml;rt&eacute;nt, egy k&eacute;zimunka&oacute;r&aacute;n. Borb&aacute;th Pali valami h&uuml;lyes&eacute;get csin&aacute;lt &eacute;s &eacute;n meg akartam mondani a Tancinak, mire ő meg&iacute;g&eacute;rte, hogy ink&aacute;bb megmutatja a &bdquo;f&uuml;tyij&eacute;t\", csak ne &aacute;ruljam be. Ebbe persze &eacute;n is beleegyeztem, ami azt&aacute;n a pad alatt meg is t&ouml;rt&eacute;nt.&nbsp;		', '', '::1', '2016-11-08 21:46:06', '0', '');
INSERT INTO `person` VALUES('650', '64', '0', 'Kálmán', 'Donáth', 'DIAK_12.GIF', '47.4462203', '19.2145474', 'Kalman', 'zx811k', '', '', 'Júlia', '~Szepes u.22', '~1185', 'Budapest', 'Magyarország', '~00-36-1-2946110', '~00-36-30-9820020', '~kalman@osi.hu', '~', '~', 'Kolozsvári Müszaki Egyetem - villamosmérnök', 'Budapesti Nyílt Társadalom Intézet Alapítvány (OSI)', 'Számítástechnikai vezetö', 'Botond - 1998', 'https://www.facebook.com/kdonath67', '0', 'https://twitter.com/kdonath', '', '~<p>Valamikor XI. vagy XII. oszt&aacute;lyban t&ouml;rt&eacute;nt. A Metalul Rosu gy&aacute;rba j&aacute;rtunk műhelygyakorlatra &eacute;s m&aacute;r rettentően untam a koszos k&ouml;rnyezetben val&oacute; hasztalan időt&ouml;lt&eacute;st, r&aacute;ad&aacute;sul ezzel nem voltam egyed&uuml;l. Buj&aacute;ki Sanyival (BS) &eacute;s Kalm&aacute;r Levivel el is hat&aacute;roztuk, hogy megkeres&uuml;nk valami főn&ouml;k-f&eacute;l&eacute;t &eacute;s megpr&oacute;b&aacute;lunk bev&aacute;g&oacute;dni irodai k&ouml;rnyezetbe. Siker&uuml;lt is egy főn&ouml;k&ouml;t utol&eacute;rni, tal&aacute;n fők&ouml;nyvelő volt, vagy valami hasonl&oacute;.&nbsp;</p><p>Előadtuk magunkat rendesen, kihangs&uacute;lyozva, hogy mi megr&ouml;gz&ouml;tt informatika-k&ouml;r&ouml;s&ouml;k vagyunk, &eacute;s nagyon szeretn&eacute;nk megismerkedni a gy&aacute;rban egy olyan munkafolyamattal, aminek b&aacute;rmi k&ouml;ze van valamilyen sz&aacute;m&iacute;t&oacute;g&eacute;phez. Gondolom, h&iacute;zelgett neki, hogy őt kerest&uuml;k meg, &eacute;s &ouml;r&ouml;mmel helyezett el minket az &aacute;ltala vezetett oszt&aacute;lyon. Betess&eacute;kelt egy irod&aacute;ba &eacute;s jelezte az ott dolgoz&oacute; h&ouml;lgyeknek, hogy az elk&ouml;vetkező 1-2 h&eacute;tben ezek a di&aacute;kok itt fognak praktiz&aacute;lni. K&ouml;nyvelők dolgoztak az irod&aacute;ban, 3-4-en lehettek.&nbsp;</p><p>Sz&aacute;m&iacute;t&oacute;g&eacute;p nem sok volt ott, sőt egy sem, de volt egy programozhat&oacute; k&ouml;nyvelő g&eacute;p, amit mi nagy &ouml;r&ouml;mmel kezdt&uuml;nk el ny&uuml;st&ouml;lni. Mechanikus g&eacute;p l&eacute;v&eacute;n nem sok&aacute;ig b&iacute;rta a strap&aacute;t, valami alkatr&eacute;szek &ouml;sszeakadtak benne &eacute;s felmondta a szolg&aacute;latot. Mi csak lap&iacute;tottunk, nem vert&uuml;k nagydobra &bdquo;hőstett&uuml;nket\". M&aacute;snap be&eacute;rve az irod&aacute;ba azt tapasztaltuk, hogy a g&eacute;pet megjav&iacute;tott&aacute;k, de a n&eacute;nik&eacute;k sand&aacute;n tekintettek r&aacute;nk. Term&eacute;szetesen &uacute;jra kezel&eacute;sbe vett&uuml;k a masin&aacute;t, mire az egyik h&ouml;lgyem&eacute;ny tisztelettud&oacute;an megjegyezte, hogy picit &oacute;vatosabban b&aacute;njunk a masin&aacute;val, mert el&eacute;g s&eacute;r&uuml;l&eacute;keny.&nbsp;		</p><p>Eleinte csod&aacute;lkoztunk, hogy ennyivel meg&uacute;sztuk, &eacute;s nem kaptunk d&ouml;rgedelmes szid&aacute;st. Azt&aacute;n r&aacute;j&ouml;tt&uuml;nk, hogy mi&eacute;rt b&aacute;nnak vel&uuml;nk ennyire kesztyűs k&eacute;zzel: hiszen a Főn&ouml;k vitt minket oda, teh&aacute;t mi biztosan az ő protekci&oacute;sai vagyunk. Ők legal&aacute;bbis ezt hitt&eacute;k, &eacute;s mi nem igyekezt&uuml;nk ezen hit&uuml;ket eloszlatni. Term&eacute;szetesen nem &eacute;lt&uuml;nk vissza a helyzet&uuml;nkkel, &eacute;s a g&eacute;p sem szenvedett tov&aacute;bbi s&eacute;r&uuml;l&eacute;seket. Hogy ebből a t&ouml;rt&eacute;netből mi a tanuls&aacute;g? Szerintem semmi. Egyszerűen csak megmaradt az eml&eacute;keimben. &Iacute;gy volt? R&eacute;gen volt. T&aacute;n igaz sem volt.</p>', '', '::1', '2016-11-08 21:46:06', '0', '');
INSERT INTO `person` VALUES('651', '64', '0', 'Ildikó', 'Szilágyi', 'DIAK_11.GIF', '46.78031411656016', '23.567047119140625', 'ildiko', 'di46512', '', 'Dózsa', 'Szilágyi Zoltán', '~Alesd u. 6/A', '~400633', '~Kolozsvár', 'Románia', '~0040-264-483706', '~', '~sz_ildiko2002@yahoo.com', '', '~', 'Brassai Sámuel Líceum, Kolozsvár', 'X&Y KFT, Kolozsvár', 'Üzletfelelös', '', '', '0', '', '', '~XII-sek voltunk, amikor egyszer az oszt&aacute;lyfőn&ouml;k politikai &oacute;r&aacute;t tartott. Mivel utols&oacute; &oacute;ra volt, egy p&aacute;ran, t&ouml;bbek k&ouml;z&ouml;tt &eacute;n is, &uacute;gy d&ouml;nt&ouml;tt&uuml;nk, nem jelen&uuml;nk meg. B&uuml;ntet&eacute;sből ott kellett &uuml;ln&uuml;nk egy m&aacute;sik alkalommal, egy kisebb oszt&aacute;llyal tartott &oacute;r&aacute;j&aacute;n. A folyos&oacute;n zajongtak, &eacute;s am&iacute;g az Oszi kiment fegyelmezni, azalatt mi megint ell&oacute;gtunk. Ebből nagy cirkusz lett, abban az &eacute;vharmadban 9-es lett a magaviseletem.&nbsp;		', '', '::1', '2016-11-08 21:46:06', '0', '');
INSERT INTO `person` VALUES('652', '64', '0', 'Krisztina', 'Onci', '12A1985/d15-0.jpg', '46.778179747399804', '23.580023646354675', 'krisztina', 'fernandina', '', 'Erdélyi', 'Onci Stefan', '~Lãpusului u. 16', '~400171', '~Kolozsvár', '~Románia', '~', '~+40-745-257441', '~ok.jazz.66@gmail.com', '', '~', 'Kolozsvári Agronómiai Intézet - mezögazdász', '~Kolozsvári Rendőrfőkapitányság-Szervezett Bunőzést Megelőző Szakosztály', '~irodavezető - rendőrhadnagy', 'Melina Fernandina - 1995', '', '0', '', '', '', '', '::1', '2016-11-08 21:46:06', '0', '');
INSERT INTO `person` VALUES('653', '64', '0', 'Ágnes', 'Buchmüller', 'DIAK_14.GIF', '46.793478474902564', '23.591766357421875', 'agnesb', 'ag79612', '', 'Ferenc', 'Buchmüller István', '~Kolozsvár, B-dul N. Titulescu nr. 43, Bl. D2, ap.25', '~400407', '~Kolozsvar', '~Románia', '~0040-264-442983', '~0040-745-326221', '~agnes.buchmuller@epinvest.ro', '', '~agnes.buchmuller', 'Kolozsvári Müszaki Egyetem - kohászmérnök', '~EPINVEST KFT, Kolozsvár', '~fütestehnikai osztaly igazgatoja', 'István - 1992', '', '0', '', '', '', '', '::1', '2016-11-08 21:46:06', '0', '');
INSERT INTO `person` VALUES('654', '64', '0', 'Ágnes', 'Veres', 'DIAK_15.GIF', '46.76996843356982', '23.556747436523438', 'agnesf', 'ag56732', 'editor', 'Fülöp', 'Veres Márton Zoltán', '~Donáth út. Bl. XIII, sc. D, ap. 51', '~400296', '~Kolozsvár', 'Románia', '~0040-264-580916', '~0040-723-159000', '~veres.agnes@eke.ma', '~', '~agikisasszony', 'Kolozsvári Müszaki Egyetem - építészmérnök', 'Etnokulturális Kisebbségek Forrásközpontja, Kolozsvár http://www.eke.ma', 'országos titkár', 'Zsófia-2009  Kende-2009', 'https://www.facebook.com/agnes.veres.9619', '0', '', '', '~<p>Sok sz&eacute;p eml&eacute;ket őrz&ouml;k az iskol&aacute;ban elt&ouml;lt&ouml;tt 12 &eacute;vről, &eacute;s bevallom, bajban vagyok most, amikor ki kellene v&aacute;lasztani ezek k&ouml;z&uuml;l a legszebbet, a leg&eacute;rdekesebbet. Annyira otthon &eacute;reztem magam az &oacute;don iskolafalak k&ouml;z&ouml;tt, hogy m&aacute;r IX. oszt&aacute;lyban att&oacute;l f&eacute;ltem, mindj&aacute;rt itt a XII. oszt&aacute;ly v&eacute;ge &eacute;s azut&aacute;n m&aacute;r csak lelkileg fogunk e nagynevű iskol&aacute;hoz tartozni.\n</p><p>		</p><hr><p>Tal&aacute;n IX. oszt&aacute;lyban t&ouml;rt&eacute;nt, a megszokott őszi kukoricaszed&eacute;s alkalm&aacute;val. Vonattal utaztunk egy d&eacute;lut&aacute;n hazafel&eacute; Kolozsb&oacute;sr&oacute;l (Boju), szem&eacute;lyvonattal, tan&aacute;rok, di&aacute;kok egyar&aacute;nt. Nem is tudom, lehet-e f&uuml;lk&eacute;nek nevezni a szem&eacute;lyvonatok &oacute;ri&aacute;si utaz&oacute;ter&eacute;t, az ugyanis ink&aacute;bb vagonnak tekinthető. Ami vagonunkban teh&aacute;t ott volt T&oacute;th K&aacute;roly tan&aacute;r &uacute;r, Kov&aacute;cs Jol&aacute;n t&ouml;rt&eacute;nelemtan&aacute;rnő, &eacute;s m&eacute;g sokan m&aacute;sok. Az oszt&aacute;lyb&oacute;l is lehett&uuml;nk vagy 15-en. Mint ismeretes, ezen a t&aacute;von Kolozsv&aacute;rig a vonatnak h&aacute;rom alag&uacute;ton kell &aacute;tmennie. Az első r&ouml;videbb, a m&aacute;sodik nagyon hossz&uacute;, a harmadik is r&ouml;vid. M&aacute;r nem eml&eacute;kszem, ki &uuml;lt m&eacute;g velem a n&eacute;gyszem&eacute;lyes beugr&oacute;ban (2-2 szem&eacute;ly egym&aacute;ssal szemben), de azt tudom, hogy az előttem levőben volt Bir&oacute; Kati &eacute;s Varga Ildi. A k&eacute;t r&eacute;sz k&ouml;z&ouml;tti v&aacute;laszfalt&oacute;l nem lehetett &aacute;tl&aacute;tni egyik r&eacute;szből a m&aacute;sikba. Az első alag&uacute;tban fel&aacute;lltam &eacute;s odamentem Bir&oacute; Katihoz a s&ouml;t&eacute;tben, mondtam neki, figyeljen, mert a k&ouml;vetkezőben meg fogom ijeszteni Varga Ildit, &eacute;s nagyon j&oacute;l fogunk sz&oacute;rakozni. Be is &eacute;rt a vonat a m&aacute;sodik alag&uacute;tba, &eacute;s &eacute;n gyorsan felpattantam a helyemről, hogy egy pillanatot se vesz&iacute;tsek, r&ouml;gt&ouml;n odasiettem a k&eacute;t &uuml;lőr&eacute;sz k&ouml;z&ouml;tti v&aacute;laszfal m&ouml;g&ouml;tt &uuml;lő Varga Ildihez. Elkezdtem a nyak&aacute;t vakargatni &eacute;s figyeltem, hogy mi t&ouml;rt&eacute;nik. Azt&aacute;n elkezdtem h&uacute;zogatni a f&uuml;l&eacute;t, &eacute;s izgatottan v&aacute;rtam, hogy vis&iacute;tson. Na de eltelt egy j&oacute; p&aacute;r m&aacute;sodperc, &eacute;s semmi reakci&oacute;. Egyszer csak egy erős k&eacute;z megragadja a csukl&oacute;mat (majdnem elt&ouml;rte az &oacute;r&aacute;mat), &eacute;s azt mondja, rom&aacute;nul: &bdquo;Megfogtalak, na most bajba jutott&aacute;l.\" Az első gondolat, ami eszembe jutott, az volt, hogy a sz&uuml;leimet be fogj&aacute;k z&aacute;rni. R&ouml;gt&ouml;n r&aacute;j&ouml;ttem, hogy itt most nagy baj van, &eacute;s ki akartam r&aacute;ntani a kezemet a szor&iacute;t&aacute;s&aacute;b&oacute;l, de nagyon nem akart elengedni. Hozz&aacute;tette: &bdquo;K&eacute;ne adnom neked k&eacute;t &aacute;tsz&aacute;ll&oacute;t (pofont)\". Nagy nehezen siker&uuml;lt kiszabadulni, &eacute;s vissza&uuml;lni a helyemre. K&ouml;zben a vonat ki&eacute;rt az alag&uacute;tb&oacute;l, &eacute;s a jelenlevők nagy megr&ouml;k&ouml;ny&ouml;d&eacute;s&eacute;re egy magas nyak&uacute; pul&oacute;veres f&eacute;rfi a nyak&aacute;t massz&iacute;rozva k&eacute;ts&eacute;gbeesetten mes&eacute;lni kezdi, hogy k&eacute;pzelj&eacute;k el, egyszer csak &eacute;rzi, hogy az alag&uacute;tban valaki megfogja a nyak&aacute;t &eacute;s meg akarja fojtani. &Eacute;n persze addig nem tudtam sz&oacute;hoz jutni, de m&aacute;r ekkorra valahogyan odasomford&aacute;ltam a pasashoz, &eacute;s sűrűn k&eacute;rtem a bocs&aacute;natot, azt&aacute;n vissza&uuml;ltem. Kati, de főleg Ildi &uacute;gy kacagtak, vagyis ink&aacute;bb hahot&aacute;ztak, hogy az le&iacute;rhatatlan. Az t&ouml;rt&eacute;nt ugyanis, hogy Ildi nem azon a helyen &uuml;lt, amelyre &eacute;n gondoltam, hanem azzal szemben. &iacute;gy szeg&eacute;ny &aacute;ldozatom egy k&ouml;z&eacute;pkor&uacute; f&eacute;rfi volt, akitől &eacute;n Kolozsv&aacute;rig folyamatosan k&eacute;rtem a bocs&aacute;natot. A tan&aacute;rok egy r&eacute;sze megr&ouml;k&ouml;ny&ouml;dve, m&aacute;sok derűsen fogadt&aacute;k a t&ouml;rt&eacute;nteket, &aacute;m &eacute;n egy j&oacute; ideig nem tudtam magamhoz t&eacute;rni a r&eacute;m&uuml;lettől. A k&eacute;t l&aacute;nyt nem lehetett lecsillap&iacute;tani, gondolom, a hely&uuml;kben &eacute;n is &eacute;ppen olyan j&oacute;l sz&oacute;rakoztam volna. Moln&aacute;r &Eacute;va oszt&aacute;lyfőn&ouml;k&uuml;nk nagyon &eacute;lvezte az esetet, ut&oacute;lag elmes&eacute;ltette velem a t&ouml;rt&eacute;nteket az oszt&aacute;ly előtt, a t&ouml;bbiek sz&oacute;rakoztat&aacute;s&aacute;ra.&nbsp;</p><hr><p>Kilencedikesek voltunk, &eacute;s &uacute;gy siker&uuml;lt, hogy b&aacute;r nagyon sokan bejutottunk a felv&eacute;telin az addigi k&eacute;t oszt&aacute;lyb&oacute;l, m&eacute;gsem IX. A, hanem IX. D lett&uuml;nk. Magyarb&oacute;l &iacute;rtunk r&ouml;gt&ouml;nz&eacute;st, &eacute;s Szab&oacute; &Aacute;lmos tan&aacute;r &uacute;r mindig felv&eacute;ste a t&aacute;bla jobb felső sark&aacute;ba, hogy N&eacute;v, al&aacute;: IX.D, &eacute;s azut&aacute;n k&ouml;vetkeztek a t&eacute;telek stb. Mag&aacute;t&oacute;l &eacute;rtedődően mindenkinek be kellett &iacute;rnia a saj&aacute;t nev&eacute;t a IX.D fel&eacute;, a N&eacute;v hely&eacute;re. A r&ouml;gt&ouml;nz&eacute;s kioszt&aacute;s&aacute;t azzal kezdte a tan&aacute;r, hogy &bdquo;K&eacute;pzelj&eacute;tek el, valaki azt &iacute;rta a dolgozat&aacute;ra, hogy N&eacute;v, IX.D, nem &iacute;rta oda a saj&aacute;t nev&eacute;t\". Na erre &eacute;n g&uacute;nyosan kezdtem mondogatni, hogy biztosan Varga Ildi volt az az illető, &eacute;s hogy ez milyen nagy butas&aacute;g, hogy tehet valaki ilyent. A r&ouml;gt&ouml;nz&eacute;sek fogytak, egyre fogytak, mindenki megkapta a saj&aacute;tj&aacute;t, &eacute;s a v&eacute;g&eacute;n szomor&uacute;an kellett meg&aacute;llap&iacute;tanom, hogy pont &eacute;n voltam az, aki elfelejtette fel&iacute;rni a nev&eacute;t a lapra. \n</p><hr><p>&nbsp;XII. oszt&aacute;ly, harmadik &eacute;vharmad, matek dolgozat. Szőcs Judit tan&aacute;rnő h&iacute;res volt arr&oacute;l, hogy b&aacute;rmi t&ouml;rt&eacute;nt (vagyis nek&uuml;nk &uacute;gy tűnt akkor, hogy soha nem j&ouml;tt n&aacute;la k&ouml;zbe semmi), mindig m&aacute;snapra jav&iacute;totta ki a dolgozatokat. Dan Maria, a rom&aacute;ntan&aacute;rnőnk j&aacute;rt m&eacute;g el hasonl&oacute;an. Amikor a dolgozatot &aacute;tvettem, l&aacute;ttam, 9-es van r&aacute;&iacute;rva, &eacute;s gyorsan v&eacute;giglapozva kerestem benne a hib&aacute;t. Nem tal&aacute;ltam m&eacute;g egy piros tollh&uacute;z&aacute;st sem, &eacute;s amikor megk&eacute;rdeztem, deh&aacute;t akkor mi&eacute;rt nem adott 10-est (am&uacute;gy az volt &eacute;letem első 9-es matek dolgozata), azt v&aacute;laszolta: &bdquo;Az&eacute;rt, hogy tanuld meg, nem szabad toll helyett ceruz&aacute;val &iacute;rni, mert a felv&eacute;telin is le fognak pontozni, ha &iacute;gy teszel.\" &Eacute;rz&eacute;kenyen &eacute;rinthetett a dolog, ha ilyen j&oacute;l eml&eacute;kszem r&aacute;.</p><hr><p></p><p>M&aacute;r V&mdash;VIII. oszt&aacute;lyos koromban csod&aacute;lattal figyeltem a n&eacute;pi t&aacute;nccsoportot, &eacute;s irigyeltem azokat, akik ennek tagjai lehettek. Ezek a szerencs&eacute;sek IX. oszt&aacute;lyt&oacute;l XII. v&eacute;g&eacute;ig, 4 &eacute;ven &aacute;t t&aacute;ncolhattak, &eacute;s mivel a t&aacute;nccsoporttal T&oacute;th K&aacute;roly tan&aacute;r &uacute;r foglalkozott, mindig az ő oszt&aacute;ly&aacute;b&oacute;l v&aacute;logatt&aacute;k ki a t&aacute;ncosokat. Azt m&aacute;r tudtam, hogy &eacute;vfolyam szerint mi pont belees&uuml;nk a v&aacute;logat&aacute;sba, &iacute;gy izgatottan v&aacute;rtam a nagy percet. Sajnos, hi&aacute;ba, mert nem ker&uuml;ltem be a szerencs&eacute;sek k&ouml;z&eacute;. Nem mondt&aacute;k, mi&eacute;rt, de tudtam, az&eacute;rt mert t&uacute;l magas voltam, &eacute;s nem tal&aacute;ltak hozz&aacute;m val&oacute; fi&uacute;t. Lehet, az, hogy szem&uuml;veget viseltem, sem volt egy előny. &Eacute;n &uacute;gy elkeseredtem, hogy azt nem is lehet le&iacute;rni, de &eacute;ppen ez&eacute;rt elmentem T&oacute;th K&aacute;roly tan&aacute;r &uacute;rhoz &eacute;s elmondtam neki, hogy &eacute;n nagyon szeretn&eacute;k t&aacute;ncolni, &iacute;gy m&eacute;gis kaptam egy es&eacute;lyt. &Iacute;gy kezdőd&ouml;tt az a csod&aacute;latos n&eacute;gy &eacute;v, amelyet gondolom, nemcsak &eacute;n nem fogok soha elfelejteni. Nagy izgalommal v&aacute;rtuk a pr&oacute;b&aacute;kat, a &bdquo;Mester\" (&iacute;gy h&iacute;vtuk a t&aacute;nctan&aacute;rt) is l&aacute;tta, mennyire sz&iacute;v&uuml;gy&uuml;nk a t&aacute;ncol&aacute;s, ez&eacute;rt ő is m&eacute;g nagyobb kedvvel foglalkozott vel&uuml;nk. A t&eacute;li Brassai-&uuml;nnep&eacute;lyen mindig utols&oacute;knak, az est f&eacute;nypontjak&eacute;nt l&eacute;pt&uuml;nk fel, &eacute;s mondhatom, igen nagy siker&uuml;nk volt. Ballag&aacute;s ut&aacute;n a fi&uacute;k elmentek katon&aacute;nak, &eacute;s mi, l&aacute;nyok, kik&ouml;ny&ouml;r&ouml;gt&uuml;k magunknak, hogy m&eacute;g egy &eacute;vet t&aacute;ncolhassunk, egyetemist&aacute;kk&eacute;nt. Ez&uacute;ttal a Magyar Sz&iacute;nh&aacute;zb&oacute;l k&ouml;lcs&ouml;n&ouml;zt&uuml;nk sz&eacute;kely ruh&aacute;t, &eacute;s egy &eacute;vvel megtoldottuk &eacute;let&uuml;nk e gy&ouml;ny&ouml;rű korszak&aacute;t.&nbsp;</p><p></p><p></p>		', '', '::1', '2016-11-08 21:46:07', '0', '');
INSERT INTO `person` VALUES('655', '64', '0', 'Eszter', 'Szallós', 'DIAK_16.GIF', '46.78877728793222', '23.608245849609375', 'eszterg', 'lkiouitvc', '', 'Gergely', '', '~Snagov u. 5/7', '~', '~Kolozsvár', 'Románia', '~00-40-264-556751', '~', '~e_charmee@yahoo.com', '~', '~', 'Brassai Sámuel Líceum, Kolozsvár', 'E Charm Kft., Kolozsvár', 'Menedzser, tervező', 'Áron - 1990, Tamás - 1992', 'https://www.facebook.com/eszter.szallos', '0', '', '', '~Mindamellett, hogy j&oacute; gyenge voltam matematik&aacute;b&oacute;l (az első jegyem is 3-as volt, m&aacute;r az első &oacute;r&aacute;n), &uacute;gy &eacute;reztem, hogy Szőcs Judit tan&aacute;rnő ragaszkodik hozz&aacute;m, szimpatiz&aacute;l. Amikor &iacute;rtuk a matek dolgozatot, legt&ouml;bbsz&ouml;r odaj&ouml;tt, l&aacute;ttam, &uacute;gy szeretne seg&iacute;teni, mondta is: &bdquo;Eszter, nagyon j&oacute; eddig\", de sajnos nem seg&iacute;thetett. A napi leck&eacute;t, k&eacute;pleteket azut&aacute;n a bizonyos 3-as ut&aacute;n mindig tudtam, de hi&aacute;nyzott sajnos az alap. A tan&aacute;rnő nagyon szigor&uacute; volt, ahogy azt mindannyian tudjuk, de ennek ellen&eacute;re &eacute;n is kedveltem, vagy tal&aacute;n &eacute;ppen ez&eacute;rt szerettem mint tan&aacute;rt. Az utols&oacute; matek&oacute;r&aacute;n a szegfű &aacute;tad&aacute;s&aacute;n&aacute;l a tan&aacute;rnőnek volt egy k&iacute;v&aacute;ns&aacute;ga, hogy h&iacute;vjam meg az akkor ny&aacute;ron tartand&oacute; esk&uuml;vőmre. Term&eacute;szetesen nagy &ouml;r&ouml;mmel teljes&iacute;tettem k&eacute;r&eacute;s&eacute;t.&nbsp;		', '', '::1', '2016-11-08 21:46:07', '0', '');
INSERT INTO `person` VALUES('656', '64', '0', 'Oszkár', 'Gruber', 'DIAK_17.GIF', '49.10334791605878', '9.717106819152832', 'oszi', 'os74624', '', '', 'Annamária', '~Neustrelitzer Weg 3', '~74523', '~Schwäbisch Hall', 'Németország', '~0049 791 / 4939239', '~', '~gruber.oscar@arcor.de', '', '~gruber.oscar', 'AKAD közgazdasági Egyetem, Lipcse', 'varosi közigazgatas', 'penzügyi osztalyvezető', 'Stefanie - 1998, Mark - 2001', 'nincs', '0', '', '', '~~XI. oszt&aacute;ly, I. &eacute;vharmad, a legend&aacute;s barlang&aacute;sz&aacute;s. Az&eacute;rt, hogy idej&eacute;ben el&eacute;rj&uuml;k a vonatot, megl&oacute;gtunk az utols&oacute; k&eacute;t &oacute;r&aacute;r&oacute;l (m&aacute;r nem eml&eacute;kszem pontosan, milyen &oacute;r&aacute;k voltak ezek). Sover Tibi utols&oacute; pillanatban &uacute;gy d&ouml;nt&ouml;tt, hogy ő is csatlakozik hozz&aacute;nk &mdash; Benedek Zsolt, Kalm&aacute;r Levente, Szab&oacute; Pista meg tal&aacute;n Petrov Ljubi is, ha nem csal az eml&eacute;kezetem &mdash; &eacute;s &aacute;t&ouml;lt&ouml;z&eacute;s meg pakol&aacute;sz&aacute;s miatt lel&eacute;pett matek&oacute;r&aacute;r&oacute;l. Ez m&eacute;g nem lett volna nagy baj, de Tibi nem &aacute;llta meg, hogy ne jelenjen meg a matek&oacute;ra utols&oacute; 5 perc&eacute;ben, barlang&aacute;sz-felszerel&eacute;s&eacute;t mutogatva. Emiatt persze Szőcs Jutka tan&aacute;rnő majdnem sz&iacute;vinfarktust kapott. A sikeres barlang&aacute;szt&uacute;ra tov&aacute;bbi k&ouml;vetkezm&eacute;nyei: a sz&uuml;lőket beh&iacute;vatta az Oszi, a magaviseleti oszt&aacute;lyz&aacute;s is rontott az &eacute;vharmadi &eacute;rtes&iacute;tő &aacute;tlagjegy&eacute;n.&nbsp;		', '', '::1', '2016-11-08 21:46:07', '0', '');
INSERT INTO `person` VALUES('657', '64', '0', 'Sándor', 'Kali', 'DIAK_18.GIF', '46.7746933066876', '23.591980934143066', 'Sanyi', '12kzfdxy', '', '', 'Enikö', '~Mihai Viteazul tér 22-23/1/7', '~138414', '~Kolozsvár', 'Románia', '~0040 94 620544', '~', '~kalisanyi@yahoo.com', '~', '~kalisanyi', 'Kolozsvári Müszaki Egyetem - kohászmérnök', 'Euroheating KFT, Kolozsvár', 'sales manager', 'Zsofia - 2002', 'https://www.facebook.com/sandor.kali.7', '0', '', '', '~Utols&oacute; &eacute;vben t&ouml;rt&eacute;nt... Az oszi &mdash; azokat, akiknek nem volt bep&oacute;tolva leck&eacute;j&uuml;k &bdquo;pol-gazdb&oacute;l\" &mdash; utols&oacute; &oacute;ra ut&aacute;n be&uuml;ltette a 60-as terembe (6-7 szem&eacute;lyt). Nekem nem kellett mennem, de mivel D&oacute;zsa Ildinek igen, &eacute;n is bek&eacute;rezkedtem, hogy megv&aacute;rjam őt. Az Oszi dikt&aacute;lni kezdett, de egy idő m&uacute;lva &aacute;t kellett mennie rendet rakni a szomsz&eacute;dos oszt&aacute;lyba, ahol lyukas&oacute;ra volt. Ez idő alatt &bdquo;csendben\" ell&oacute;gtunk. M&aacute;snap bej&ouml;tt az egyik &oacute;r&aacute;ra &eacute;s kihirdette a b&uuml;ntet&eacute;st: egy jegy levon&aacute;sa magaviseletből &eacute;s a sz&uuml;lők azonnali berendel&eacute;se. Mindenki sz&oacute;lt, hogy engem ne b&uuml;ntessen, mert nekem ott sem kellett volna lennem. Erre ő megszavaztatta az oszt&aacute;lyt. A szavaz&aacute;s eredm&eacute;nye az volt, hogy ne kapjak semmilyen b&uuml;ntet&eacute;st. Ezt csak r&eacute;szben fogadta el: nem kellett beh&iacute;vnom a sz&uuml;leimet, de a magaviseleti jegyemet lerontotta. Nem b&aacute;ntam, mert j&oacute; po&eacute;n volt, meg&eacute;rte.&nbsp;		', '', '::1', '2016-11-08 21:46:07', '0', '');
INSERT INTO `person` VALUES('658', '64', '0', 'Levente', 'Maier', 'DIAK_19.GIF', '49.06627475191758', '11.149406433105469', 'Levi', 'levi67', 'editor', 'Kalmár', 'Maier Adél', 'Bergstrasse 33', '91790', 'Bergen /Thalmannsfeld', 'Németország', '0049-9147-95033', '~0049-170-7979113', '~levente@blue-l.de', 'http://levi.blue-l.de', 'l_e_v_e_n_t_e', 'Adatfeldolgozási technikus', 'IT2media GmbH & Co. KG. Nürnberg http://www.it2media.com', '~JAVA software fejlesztő osztály vezető', 'Zsuzsa - 1992, Tamás - 1996', 'https://www.facebook.com/levente.maier', '965038823537045', 'https://twitter.com/ay8500', '~<ul><li><strong>﻿1985-1986&nbsp;</strong>Katonas&aacute;g T&icirc;rgu-Jiu (l&eacute;gv&eacute;delem)</li><li><strong>1986-Nov. </strong>Kiv&aacute;ndorl&aacute;s N&eacute;metorsz&aacute;gba leteleped&eacute;s N&uuml;rnbergbe</li><li><strong>1987-1988 </strong>N&eacute;met nelyviskola</li><li><strong>1988-1989</strong> Bajororsz&aacute;gi &eacute;retts&eacute;gi (matematika-fizika)</li><li><strong>1989-1996</strong>&nbsp;Grundig t&aacute;vk&ouml;zl&eacute;si elektronikus majd ipari robot szoftverfezlesztő</li><li><strong>1990-1994</strong> l&aacute;togat&aacute;s n&eacute;lk&uuml;li felsőiskola (elektrotehnika-adatfeldolgoz&aacute;s)</li><li><strong>1994-Nov &nbsp;</strong>kik&ouml;lt&ouml;zt&uuml;nk Thalmannsfeldre</li><li><strong>1996-1999</strong>&nbsp;l&aacute;togat&aacute;s n&eacute;lk&uuml;li informatika egyetem</li><li><strong>1989-1996</strong>&nbsp;IT2media GmbH szoftver fejlesző majd oszt&aacute;lyvezető</li></ul>		', '~~<strong>&bdquo;Te t&ouml;rted el a v&eacute;c&eacute;t!&rdquo;</strong><p> - jelentette ki Csalah Gy&ouml;rgy, iskol&aacute;nk z&ouml;ld szob&aacute;j&aacute;ban. Ap&aacute;m, az igazgat&oacute;, az aligazgat&oacute;, az oszt&aacute;lyfőn&ouml;k &eacute;s egy takar&iacute;t&oacute;nő egy v&eacute;c&eacute;kagyl&oacute; kifizet&eacute;s&eacute;n vit&aacute;ztak. Egy k&uuml;l&ouml;nlegesen k&eacute;nyes helyzetben lelepleztek, mik&ouml;zben a fent eml&iacute;tett t&aacute;rgyat v&eacute;letlen&uuml;l teljesen hib&aacute;tlanul t&ouml;nkretettem. Iskol&aacute;nk vezetős&eacute;ge k&aacute;rt&eacute;r&iacute;t&eacute;si besz&eacute;lget&eacute;seket folytatott az &uuml;gy tiszt&aacute;z&aacute;s&aacute;ra. Kellemetlen helyzet egy di&aacute;knak. De v&eacute;g&uuml;l is, ki t&ouml;rte sz&eacute;t az illemhely kagyl&oacute;j&aacute;t?</p><div><br></div><div>A felső oszt&aacute;lyos di&aacute;kok t&ouml;meges kukoricaszed&eacute;sre, vagyis mezőgazdas&aacute;gi k&ouml;telező &ouml;nk&eacute;ntes munk&aacute;ra mentek. Az eg&eacute;sz suli a mi&eacute;nk volt, a nyolcadikosok&eacute;, hiszen mi voltunk a legidősebb di&aacute;kok. Minden iskol&aacute;s arr&oacute;l &aacute;lmodik, hogy sz&uuml;netben szolg&aacute;latos lehessen. Nagyon b&uuml;szke voltam, mert &eacute;n d&ouml;nthettem arr&oacute;l, hogy mit, mikor &eacute;s hogyan szabad a kis di&aacute;koknak cselekedni. A nagysz&uuml;netben a n&ouml;vend&eacute;kek minden elk&eacute;pzelhetőt elk&ouml;vettek, hogy a sz&uuml;netet ne az iskola udvar&aacute;n t&ouml;lts&eacute;k. A szolg&aacute;latosok egyik fő feladata volt arr&oacute;l gondoskodni, hogy az oszt&aacute;lytermek, folyos&oacute;k &eacute;s v&eacute;c&eacute;k &uuml;resek legyenek. Ezt a feladatot nagyon komolyan pr&oacute;b&aacute;ltam teljes&iacute;teni, mik&ouml;zben a tornaterem &ouml;lt&ouml;zőj&eacute;ben egy tucat csirkefog&oacute;t kaptam el.&nbsp;</div><div><br></div><div>Nagy sebess&eacute;ggel rohantam a k&ouml;lyk&ouml;k ut&aacute;n az udvarr&oacute;l a bal oldali l&eacute;pcsők&ouml;n felfel&eacute;, balra el a fizika terem mellett, majd n&eacute;gyes&eacute;vel a l&eacute;pcsők&ouml;n lefel&eacute; a kiskapuhoz. A kapus n&eacute;ni m&aacute;r t&aacute;volr&oacute;l hallhatta k&ouml;zeledő trappol&aacute;somat, mivel &eacute;ppen meg&eacute;rkez&eacute;semkor dugta ki a fej&eacute;t a szolg&aacute;lati kuck&oacute; ajtaj&aacute;n, engem figyelmeztetve: &bdquo;Te, ne rohanjatok, mint az őr&uuml;ltek\". Nem volt nekem időm r&aacute; figyelni abban a stresszben, mivel csinos, j&oacute;kora test&eacute;t nagy &iacute;vben kellett hogy k&ouml;rbeszaladjam, jobbra az alagsor fel&eacute;. &Ouml;szt&ouml;nből tudtam, a k&ouml;lyk&ouml;k a fi&uacute; v&eacute;c&eacute;t fogj&aacute;k mened&eacute;k&uuml;l haszn&aacute;lni. Sajnos, jobbra bekanyarodva &eacute;szrevettem, hogy a h&aacute;rpia takar&iacute;t&oacute;nő miatt rengeteg időt vesztettem &eacute;s nem &eacute;rek be a budira idej&eacute;ben, mielőtt m&eacute;g a menek&uuml;lők bez&aacute;rn&aacute;k magukat a kabinokba. Semmi baj, gondoltam, velem nem sz&uacute;rnak ki ezek a semmireval&oacute;k! A v&eacute;c&eacute;kagyl&oacute;ra &aacute;llva szerettem volna &aacute;tm&aacute;szni a csib&eacute;szekkel teli m&aacute;sik f&uuml;lk&eacute;be. A dobbant&aacute;somat azonban nem b&iacute;rta ki a kagyl&oacute;, eldőlt, majd sz&aacute;z darabra t&ouml;rt. A tisztas&aacute;g&eacute;rt felelős h&ouml;lgy a nagy cs&ouml;r&ouml;mp&ouml;l&eacute;st hallva odasietett, &eacute;s sajnos ott tal&aacute;lt a szil&aacute;nkok k&ouml;z&ouml;tt. Rem&eacute;ltem, nem fogja tudni, hogy ki voltam, mivel hirtelen bez&aacute;rtam magam előtt az ajt&oacute;t &eacute;s megv&aacute;rtam ameddig elmegy.&nbsp;</div><div><br></div><div>Megkezdőd&ouml;tt az angol&oacute;ra Ilkovski Fotis tan&aacute;r &uacute;rral. M&aacute;r majdnem bemelegedt&uuml;nk az angol &bdquo;th\" kiejt&eacute;s&eacute;be, amikor az aligazgat&oacute; l&eacute;pett be az oszt&aacute;lyterembe a h&aacute;ztart&aacute;si alkalmazott k&iacute;s&eacute;ret&eacute;ben: &bdquo;Ő volt\" - mutatott r&aacute;m magabiztosan.&nbsp;</div><div><br></div><div>Tizen&ouml;t &eacute;v telt el. Iskol&aacute;nk előcsarnok&aacute;ban a tabl&oacute;nkat csod&aacute;ljuk mindannyian. A volt &eacute;nektan&aacute;rom j&ouml;v&ouml;get fel&eacute;m. K&ouml;sz&ouml;n&ouml;k. A tabl&oacute; fel&eacute; fordulva l&aacute;tsz&oacute;an keresett egy kis ideig valamit, majd &iacute;gy sz&oacute;lt hozz&aacute;m: Nem eml&eacute;kszem a nevedre, csak arra, hogy <strong>\"Te t&ouml;rted el a v&eacute;c&eacute;t!\"</strong></div>		', '~~<div><ul><li>bar&aacute;tokkal bili&aacute;rdozni&nbsp;</li><li>f&eacute;rfi korusban &eacute;nekelni&nbsp;</li><li>testv&eacute;remmel vitatkozni&nbsp;</li><li>Gy&ouml;ngyivel utazni&nbsp;</li><li>t&eacute;len a gyerekekkel, Oszi&eacute;kkal vagy a szomsz&eacute;dokkal s&iacute;zn&iacute;&nbsp;</li><li>ny&aacute;ron szaladg&aacute;lni, biciklizn&iacute;&nbsp;</li><li>a kertben a f&uuml;vet &aacute;polni &eacute;s arra vigy&aacute;zni, hogy mindig szebb legyen mit a szomsz&eacute;d&eacute;&nbsp;</li><li>a pinc&eacute;ben bark&aacute;cs&oacute;lni&nbsp;</li><li>sz&eacute;p f&eacute;nyk&eacute;peket k&eacute;sz&iacute;ten&iacute;&nbsp;</li><li>ezt az oldalt &eacute;s m&aacute;s internet oldalakat szerkeszteni</li><li>kolleg&aacute;kkal vitorl&aacute;zni&nbsp;</li><li>finom &aacute;zsiai &eacute;teleket f&ouml;zni</li></ul></div>', '::1', '2016-11-08 23:49:38', '658', '');
INSERT INTO `person` VALUES('659', '64', '0', 'Edit', 'Kiss', 'DIAK_20.GIF', '47.51667898889314', '19.124579429626465', 'Edit', '56tre4', '', 'Kiss', 'Nemes Balázs', '~Adria sétány 1c, II/24', '~1148', '~Budapest', 'Magyarország', '~', '~', '~orbankedit@yahoo.com', '~', '~oke123', 'Babes-Bolyai Tudományegyetem - informatikus', 'ERICSSON,  Budapest', 'programozó', 'Balázs - 1998', 'https://www.facebook.com/profile.php?id%3D100008317923829', '0', '', '', '~~<p>Sz&iacute;vesen eml&eacute;kszem vissza a XII-es, kora reggeli torna&oacute;r&aacute;kra, melyek miatt n&eacute;ha az első &oacute;r&aacute;kat is kihagytuk (biosz meg f&ouml;ldrajz, a kedvenc f&ouml;ldrajztan&aacute;rnővel). A torna&oacute;ra reggel 8 &oacute;r&aacute;t&oacute;l lett volna, de mi 7-re ment&uuml;nk, n&eacute;ha pimpongoztunk (zenei al&aacute;fest&eacute;s mellett), n&eacute;ha kosaraztunk. De j&oacute; volna megint egy j&oacute;t j&aacute;tszani!!!&nbsp;</p><hr><p>Eml&eacute;kezetes maradt sz&aacute;momra, amikor F&uuml;l&ouml;p &Aacute;gi megszorongatta valakinek a nyak&aacute;t az alag&uacute;tban, a vonatban, amikor kukoric&aacute;t szedni ment&uuml;nk Bojura. Arra m&aacute;r nem eml&eacute;kszem hogy a Varga Ildi vagy a Bir&oacute; Kati nyaka helyett, de az biztos, hogy j&oacute;pofa dolog volt.&nbsp;		</p>', '', '::1', '2016-11-08 21:46:07', '0', '');
INSERT INTO `person` VALUES('660', '64', '0', 'Klára', 'Krull', 'DIAK_21.GIF', '47.50473623259658', '19.124364852905273', 'klari', 't67tflko', '', 'Kiss', 'Roger Krull', '~Róna u. 31, II/12', '~1148', '~Budapest', 'Magyarország', '~0036-1-2207692', '~', '~clarakrull@invitel.hu', '~', '~', '', '', '', '', 'https://www.facebook.com/clara.krull', '0', '', '', '', '', '::1', '2016-11-08 21:46:07', '0', '');
INSERT INTO `person` VALUES('661', '64', '0', 'Magdolna', 'Bogárdiné', 'DIAK_22.GIF', '47.45674941864022', '19.140007495880127', 'magdi', '7us9dmsl', '', 'Kocsis', 'Bogárdi János', '~Rákóczi u. 23, V/16', '~1191', '~Budapest', 'Magyarország', '~0036-1-3778830', '~0036-30-9792498', '~magdolna38@freemail.hu', '', '~', 'Szent István Egyetem, Gyöngyősi Főiskolai Kar, gazdasági mérnöki szak', '~JTI Hungary Zrt, Budapest', '~pénzügyi-számviteli munkatárs', 'Ádám - 1993, Tamás - 1998', '', '0', '', '', '~<p>Nincs egy, kiemelkedő, kerek t&ouml;rt&eacute;netem. Semmi olyan jellegzetes, eml&eacute;kezetes nem t&ouml;rt&eacute;nt amiről tudn&eacute;k &oacute;r&aacute;kat mes&eacute;lni, de m&eacute;gis mindig szeretettel gondolok vissza egykori iskol&aacute;mra. Szerettem iskol&aacute;ba j&aacute;rni, szerettem az oszt&aacute;lyt&aacute;rsaimat, tan&aacute;raimat. Igazi erk&ouml;lcs&ouml;t, tiszteletet &eacute;s igazi &eacute;rt&eacute;keket kaptunk az iskol&aacute;t&oacute;l.</p><p>J&oacute; &eacute;rz&eacute;s volt ugyanabban az iskol&aacute;ban tanulni, ahova a sz&uuml;leim is &eacute;s a nőv&eacute;rem is anno j&aacute;rtak :) &iacute;gy sz&oacute; szerint &eacute;n voltam a \"kicsi Kocsis\" ahogy t&ouml;bb tan&aacute;r is sz&oacute;l&iacute;tott. Soha nem voltam kitűnő tanul&oacute;, de nem is kellett sz&eacute;gyenkeznem soha :) a rossz jegyeim miatt.</p><p>Nem volt igaz&aacute;n kedvenc tant&aacute;rgyam, nem eml&eacute;kszem, hogy k&uuml;l&ouml;n&ouml;sen kiemelkedtem volna b&aacute;rmiben is, sz&oacute;val &aacute;tlagos di&aacute;k voltam.</p><p>Pusk&aacute;zni sohasem szerettem, nem is tudtam, n&eacute;ha az&eacute;rt előfordult. L&oacute;gni kifejezetten ut&aacute;ltam, soha nem &eacute;rtettem, hogy annak mi &eacute;rtelme volt. Amikor &bdquo;oszt&aacute;lyszinten\" kellett l&oacute;gni, h&aacute;t nem sz&iacute;vesen tettem, de term&eacute;szetesen megtettem.</p><p>Az őszi kukorica szed&eacute;s, meg alma szed&eacute;s mindig nagy buli volt :) azt igaz&aacute;n &eacute;lvezt&uuml;k.</p><p>A szerelem sajnos nagy &iacute;vben elker&uuml;lt abban az időben, &iacute;gy h&aacute;t a &bdquo;b&aacute;rmi\" kateg&oacute;ri&aacute;ba tudn&aacute;m sorolni azt a nagy felhajt&aacute;st amit XII. oszt&aacute;lyban rendezt&uuml;nk, a Brassai Kupa k&eacute;zilabda d&ouml;ntője miatt. Kiharcoltuk, hogy m&eacute;g egyszer lej&aacute;tszhassuk az &aacute;ltalunk igazs&aacute;gtalannak v&eacute;lt meccset, mert az igazs&aacute;g&eacute;rzet&uuml;nk azt dikt&aacute;lta, hogy annak &uacute;gy kell t&ouml;rt&eacute;nnie. F&uuml;l&ouml;p &Aacute;gi m&eacute;g k&eacute;rv&eacute;nyt is &iacute;rt az igazgat&oacute;s&aacute;ghoz, amit nagy csod&aacute;lkoz&aacute;sunkra j&oacute;v&aacute;hagytak, hisz ez volt az első eset ebben az iskol&aacute;ban, hogy &uacute;jra j&aacute;tszottak egy d&ouml;ntőt, igazgat&oacute;i enged&eacute;llyel.&nbsp;</p><p>A v&eacute;g&eacute;n mi nyert&uuml;k meg a Kup&aacute;t, &eacute;s nem lehet le&iacute;rni azt az &ouml;r&ouml;m&ouml;t, amit akkor &eacute;rezt&uuml;nk. Amire m&eacute;g nagyon sz&iacute;vesen eml&eacute;kszem vissza, az a ballag&aacute;s. Nem tudom, hogy ez napjainkban is olyan sz&eacute;p-e mint akkor volt, de szerintem egyedien meghitt, szervezett &eacute;s fegyelmezett esem&eacute;ny volt. Az előtte val&oacute; &eacute;nekpr&oacute;b&aacute;k, a tan&aacute;rok b&uacute;cs&uacute;ztat&aacute;sa, sz&oacute;val az eg&eacute;sz &uacute;gy ahogy volt nekem mindig kellemes eml&eacute;k marad.</p><p>Eszembe jutott m&eacute;g valami. Egyszer k&eacute;mi&aacute;b&oacute;l le kellett &iacute;rnom sz&aacute;zszor, hogy &bdquo;a hajszalag visel&eacute;se k&ouml;telező\". Mekkora butas&aacute;gnak tűnik ez most! Ma m&aacute;r a gyerekeinkkel ezt nem csin&aacute;lj&aacute;k meg a tan&aacute;raik, de &eacute;n mint sz&uuml;lő itthon alkalmaztam :)))) Akkor &eacute;n is azt gondoltam, hogy nah, ebből biztosan okul majd a gyerekem :)&nbsp;</p><p>H&aacute;t r&ouml;viden ennyi.				</p>		', '<p>Sajnos nagyon kev&eacute;s szabadidőm van. A \"napi m&oacute;kusker&eacute;k\" amiben &eacute;l&uuml;nk (&eacute;s szerintem vagyunk &iacute;gy ezzel m&eacute;g j&oacute; p&aacute;ran) sajnos t&uacute;l sok szabadidőt nem enged&eacute;lyez. Nemzetk&ouml;zi c&eacute;gn&eacute;l dolgozom, ahol \"multiszeml&eacute;let\" uralkodik &iacute;gy teh&aacute;t ha ott t&ouml;lten&eacute;m az eg&eacute;sz napomat, m&eacute;g az is kev&eacute;s lenne :)))</p><p>Az&eacute;rt nem hagytam magam al&aacute;rendelni teljes m&eacute;rt&eacute;kben a multivil&aacute;gnak, &iacute;gy h&aacute;t azt tal&aacute;ltam ki, hogy minden reggel edz&eacute;ssel (TRX, aerobic, cardio stb) kezdem a napomat (mert a munkahelyem mellett van lehetős&eacute;g r&aacute;) ami mindenkinek j&oacute;, de főleg nekem :)))) kecske is j&oacute;llakik, na meg a k&aacute;poszta is megmarad :)))</p><p>A h&eacute;tv&eacute;g&eacute;k arr&oacute;l sz&oacute;lnak, hogy megpr&oacute;b&aacute;lunk mindent bep&oacute;tolni amire h&eacute;t k&ouml;zben nincs idő (h&aacute;zimunka, bev&aacute;s&aacute;rl&aacute;s) &eacute;s az&eacute;rt sz&iacute;vesen ejtőz&ouml;m is csal&aacute;dom k&ouml;r&eacute;ben, relax :))))</p><p>Az&eacute;rt szoktam kreativkodni is :) (r&eacute;gebben tűgobelint varrtam, jelenleg ink&aacute;bb kosarakat fonok pap&iacute;rb&oacute;l :))mert az kikapcsol &eacute;s le tudom vezetni a felgyűlt fesz&uuml;lts&eacute;get.</p><p>Szeretek filmet n&eacute;zni a gyerekeimmel, megvan annak a maga sz&eacute;ps&eacute;ge &eacute;s meghitts&eacute;ge: bevackoljuk magunkat az &aacute;gyba &eacute;s mind egy&uuml;tt vagyunk &eacute;s ez j&oacute; :) &eacute;s k&ouml;zben r&ouml;pk&ouml;dnek a j&oacute; po&eacute;nok, mert a humor n&aacute;lunk nagy &uacute;r :)))</p>', '::1', '2016-11-08 21:46:07', '0', '');
INSERT INTO `person` VALUES('662', '64', '0', 'László', 'Kovács', 'DIAK_23.GIF', '47.52832925298343', '19.0557861328125', 'kovlaci', 'uz34fxw', '', '', '', '~Naszád út 20', '~1202', '~Budapest', 'Magyarország', '~0036-1-145836', '~', '~laszlokov26@hotmail.com', '', '~', 'Kolozsvári Müszaki Egyetem, Babes-Bolyai Tudományegyetem, szociológia szak', '', 'szociológus', '', '', '0', '', '', '<p>Kedves Oszt&aacute;lyt&aacute;rs,&nbsp;</p><p>H&uacute;sz &eacute;v... mintha csak a tegnap lett volna. Mintha csak a tegnap lett volna, hogy az &eacute;retts&eacute;gi, a felv&eacute;teli &bdquo;megpr&oacute;b&aacute;ltat&aacute;saira\" k&eacute;sz&uuml;lt&uuml;nk, &eacute;s agg&oacute;dva v&aacute;rtuk, hogy vajon a sok kiv&aacute;lasztott, mott&oacute;nak sz&aacute;nt id&eacute;zet k&ouml;z&uuml;l valamelyik felker&uuml;lhet-e a tabl&oacute;nkra. Megannyi v&aacute;gy &eacute;s rem&eacute;ny kavargott benn&uuml;nk, boldog j&ouml;vőt &aacute;lmodtunk magunknak.&nbsp;</p><p>H&uacute;sz &eacute;ve &eacute;rettnek nyilv&aacute;n&iacute;ttattunk. &Eacute;rettnek az &eacute;letre, azokra a kih&iacute;v&aacute;sokra, amelyekkel az&oacute;ta nap mint nap szembes&uuml;l&uuml;nk. Visszatekintve, tal&aacute;n most, k&eacute;t &eacute;vtized m&uacute;lt&aacute;n b&aacute;tran mondhatjuk, hogy megk&uuml;zd&ouml;tt&uuml;nk az apr&oacute;bb-nagyobb neh&eacute;zs&eacute;gekkel. Van k&ouml;z&ouml;tt&uuml;nk olyan, akinek boldog csal&aacute;dja van &eacute;s van, aki anyagi t&eacute;ren vagy szakm&aacute;j&aacute;ban &eacute;rt el sikereket. A legnagyobb teljes&iacute;tm&eacute;nynek m&eacute;gis azt tartom, ha valaki gyereket, gyerekeket nevel (e szubjekt&iacute;v v&eacute;leked&eacute;s tal&aacute;n szakmai &aacute;rtalom; az ut&oacute;bbi &eacute;vekben n&eacute;pesed&eacute;studom&aacute;nnyal foglalkozom). Sz&eacute;p &eacute;s nemes, de neh&eacute;z feladat becs&uuml;letes, tisztess&eacute;ges embert nevelni, kult&uacute;r&aacute;nkat, anyanyelv&uuml;nket &aacute;tadni, &eacute;s b&iacute;zni benne, hogy majdan a gyerekek is M&aacute;raihoz hasonl&oacute;an v&eacute;lekednek erről: &bdquo;H&aacute;l&aacute;s vagyok a sorsnak, hogy anyanyelvem a gy&ouml;ny&ouml;rű magyar. Az egyetlen nyelv, amelyen mindent el tudok mondani, ami &eacute;rthető &eacute;s &eacute;rthetetlen az &eacute;letben. &Eacute;s hallgatni is csak magyarul tudok arr&oacute;l, ami sz&aacute;momra becses.\"&nbsp;</p><p>Negyvenedik &eacute;let&eacute;v&uuml;nk fel&eacute; k&ouml;zeledve &mdash; amikorra, Marcus Aurelius szerint az ember mindent meg&eacute;lt &eacute;s mindent tud, ami előtte t&ouml;rt&eacute;nt az időben az emberekkel, &eacute;s ami azt k&ouml;vetően t&ouml;rt&eacute;nni fog &mdash; tal&aacute;n mindannyian&nbsp;<span style=\"font-size: 11px;\">m&eacute;rleget k&eacute;sz&iacute;t&uuml;nk eddigi &eacute;let&uuml;nkről &eacute;s terveket az elj&ouml;vendő időre. A k&ouml;zelm&uacute;ltban ker&uuml;lt kezembe M&aacute;rai S&aacute;ndor F&uuml;ves k&ouml;nyve, ebben tal&aacute;ltam Az &eacute;let &eacute;rt&eacute;k&eacute;ről sz&oacute;l&oacute; &iacute;r&aacute;st, amit &uacute;traval&oacute;ul v&aacute;lasztottam a k&ouml;vetkező negyven &eacute;vre. Aj&aacute;nlom Neked is.&nbsp;</span></p><p><span style=\"font-size: 11px;\">&bdquo;Ember m&oacute;dra &eacute;lsz, ha igazs&aacute;gosan &eacute;lsz. Ha minden cselekedeted &eacute;s szavad alj&aacute;n a sz&aacute;nd&eacute;k van: nem &aacute;rtani az embereknek. Ha megk&iacute;s&eacute;rled &mdash; feltűn&eacute;s &eacute;s hi&uacute; szerep n&eacute;lk&uuml;l &mdash; seg&iacute;teni az embereknek. N&eacute;ha csak azzal, hogy nem mondasz igent, amikor mindenki kiab&aacute;l: &bdquo;Igen, igen!\" Egy &eacute;leten &aacute;t, k&ouml;vetkezetesen nem beleegyezni abba, ami az emberek hazugs&aacute;ga, nagyobb hősiess&eacute;g, mint alkalmilag hangosan &eacute;s mellbeveregetve tiltakozni ellene. A hal&aacute;los &aacute;gyon csak akkor pihensz nyugodtan, ha mindennap, minden &ouml;ntudatoddal az igazs&aacute;got szolg&aacute;ltad. N&eacute;ha nagyon egyszerű &eacute;s kicsinyes az igazs&aacute;g. De te ne v&aacute;logass. Ennyi az &eacute;let &eacute;rt&eacute;ke.\"&nbsp;</span></p><p><span style=\"font-size: 11px;\">K&iacute;v&aacute;nok Neked &eacute;s csal&aacute;dodnak boldogs&aacute;got, b&eacute;kess&eacute;get, vid&aacute;ms&aacute;got &eacute;s &eacute;letutadon tov&aacute;bbi eredm&eacute;nyeket.&nbsp;</span></p><p></p>', '', '::1', '2016-11-08 21:46:07', '0', '');
INSERT INTO `person` VALUES('663', '64', '0', 'Júlia-Kármen', 'Donáth', 'DIAK_24.GIF', '47.4462203', '19.2145474', 'Juli', 'fa3as4oi', '', 'Kozma', 'Donáth Kálmán', '~Szepes u. 22', '~1185', '~Budapest', 'Magyarország', '~0036-1-2946110', '~0036-30-2246732', '~julia.donathne@gmail.com', '~', '~', 'Babes-Bolyai Tudományegyetem - informatikus', 'HUNGAROPHARMA, Budapest', 'Rendszerelemző', 'Botond - 1998', 'https://www.facebook.com/julia.donathnekozma', '0', '', '', '~A Brassaiban a t&aacute;nccsoport m&aacute;r hagyom&aacute;ny volt T&oacute;th K&aacute;roly tan&aacute;r &uacute;r oszt&aacute;ly&aacute;ban. A koreogr&aacute;fusi feladatot Rusu &uacute;r, a kolozsv&aacute;ri Magyar Sz&iacute;nh&aacute;z balettkar&aacute;nak egyik tagja v&aacute;llalta. IX. oszt&aacute;ly elej&eacute;n Rusu &uacute;r ell&aacute;togatott a mi oszt&aacute;lyunkba is. K&eacute;t sorba &aacute;ll&iacute;tott benn&uuml;nket: egyik sorban a l&aacute;nyok, m&ouml;g&ouml;tt&uuml;k, m&aacute;sik sorban a fi&uacute;k. &Iacute;gy v&aacute;logatta &ouml;ssze a t&aacute;nccsoport tagjait. R&aacute;m nem esett v&aacute;laszt&aacute;s. Szerintem a v&aacute;logat&aacute;s fő szempontja, a fi&uacute;kb&oacute;l kiindulva, az ide&aacute;lis t&aacute;ncos p&aacute;rok kialak&iacute;t&aacute;sa volt (l&aacute;nyok magass&aacute;ga, tests&uacute;ly-ar&aacute;ny, k&uuml;lső jellemző stb.) Mit ne mondjak, nagyon nehezen tudtam ezt feldolgozni, mert annyira &eacute;rdekelt a n&eacute;pt&aacute;nc, tagja akartam lenni a csoportnak. R&aacute;ad&aacute;sul &eacute;pp abban az időben volt megszűnőben a kolozsv&aacute;ri T&aacute;nch&aacute;z is. Az első t&aacute;ncelők&eacute;sz&iacute;tőn - annak ellen&eacute;re, hogy nem v&aacute;logattak ki - &eacute;n is megjelentem. Senkinek sem tűnt fel az &eacute;n jelenl&eacute;tem. &Iacute;gy olvadtam be &eacute;n is a t&aacute;nccsoportba. Most sem felejtem el, mennyire v&aacute;rtam a pr&oacute;b&aacute;kat, nem besz&eacute;lve a fell&eacute;p&eacute;sekről. Ilyenkor az iskola tulajdon&aacute;ban l&eacute;vő kalotaszegi ruh&aacute;kban t&aacute;ncoltunk. Előtte mindenkinek a saj&aacute;t buggyos ujj&uacute; bl&uacute;z&aacute;t &eacute;s als&oacute;szokny&aacute;j&aacute;t (l&aacute;nyok) haza kellett vinnie, kimosni, kikem&eacute;ny&iacute;teni &eacute;s kivasalni. Nem volt nagyon egyszerű dolog, főleg a bl&uacute;z vasal&aacute;sa, de ezt a műveletet is nagyon nagy &ouml;r&ouml;mmel v&eacute;geztem. Az &ouml;lt&ouml;zőnk az iskola tetőt&eacute;ri terme volt, ahol a mechanika &oacute;r&aacute;kat tartottuk. A l&aacute;nyok a teremben, a fi&uacute;k kint az előt&eacute;rben. Soha nem felejtem el mindannyiunk &ouml;nfeledt boldogs&aacute;g&aacute;t. Ezek&eacute;rt az &eacute;lm&eacute;nyek&eacute;rt, pillanatok&eacute;rt, ak&aacute;r vissza is tekern&eacute;m az idő &oacute;r&aacute;j&aacute;t.&nbsp;		', '', '::1', '2016-11-08 21:46:07', '0', '');
INSERT INTO `person` VALUES('664', '64', '0', 'András', 'Miklós', 'DIAK_25.GIF', '46.77937368205563', '23.56842041015625', 'mikulas', 'ag23aaxc', '', '', 'Katalin', '~Donáth út VI/15', '~400286', '~Kolozsvár', 'Románia', '~0040-264-580092', '~', '~miklos.andras@yahoo.com', '', '~', 'Kolozsvári Müszaki Egyetem - gépészmérnök', 'FIMARO RT, Kolozsvár', 'manager AQ', 'Enikö - 1994, Andrea - 1999', '', '0', '', '', '~Arra eml&eacute;kszem, amikor &eacute;letemben elősz&ouml;r megkaptam az első 3-ast. Matek&oacute;r&aacute;n t&ouml;rt&eacute;nt, Szőcs Judit tan&aacute;rnő &oacute;r&aacute;j&aacute;n, amikor egy betegs&eacute;g miatti hi&aacute;nyz&aacute;s ut&aacute;n, IX. oszt&aacute;lyban kih&iacute;vott a t&aacute;bl&aacute;hoz felelni. Az első fok&uacute; egyenlet &aacute;br&aacute;zol&aacute;s&aacute;r&oacute;l fogalmam sem volt, mert nem p&oacute;toltam be a leck&eacute;t. &bdquo;Mikl&oacute;s, egyszer x = 0, egyszer y = 0\", mondta, de &eacute;n ugyan&uacute;gy &iacute;rtam, ahogy addig, vagyis semmit nem &eacute;rtettem az eg&eacute;szből. &bdquo;Mikl&oacute;s, hozd ki az ellenőrződ, ez 3-as!\", mondta m&eacute;rgesen. Akkor nagyon el voltam keseredve, hogy soha nem leszek k&eacute;pes a matematik&aacute;t megtanulni.&nbsp;		', '', '::1', '2016-11-08 21:46:07', '0', '');
INSERT INTO `person` VALUES('665', '64', '0', 'Béla', 'Nagy', 'nagy_bela.jpg', '46.7719', '23.5924', 'Bela', 'sc311sg', 'guest', '', '', '', '', 'Halásztelek', 'Magyarország', '', '', 'nbela67@gmail.com', 'http://www.outside.hu', '', '', 'OutSide Design', 'reklámgrafikus', '', 'https://www.facebook.com/a.nagy.bela', '0', '', '', '', '', '::1', '2016-11-08 21:46:07', '0', '');
INSERT INTO `person` VALUES('666', '64', '0', 'Gabriella', 'Darai', 'DIAK_26.GIF', '46.77937368205563', '23.553314208984375', 'gabriella', 'darai1966', '', 'Pallos', 'Darai Csaba', '~Bihorului u. 13', '~400295', '~Kolozsvár', 'Románia', '~0264586109', '~0752821454', '~gaby_402007@yahoo.com', '~', '~', '', '~SC DUTCH SRL, Kolozsvár', 'Ügyvezetö', 'Levente - 1989, Orsolya - 1992', 'https://www.facebook.com/gaby.darai', '0', '', '', '', '', '::1', '2016-11-08 21:46:07', '0', '');
INSERT INTO `person` VALUES('667', '64', '0', 'Árpád', 'Paniti', 'avatar.jpg', '46.7719', '23.5924', 'paniti', 'wf322si', 'guest', '', 'Dorottya Paniti', '', '', 'Erdőkertes', 'Magyarország', '', '', 'paniti@fibermail.hu', '', '', '', '', '', '', 'https://www.facebook.com/arpad.paniti', '0', '', '', '', '', '::1', '2016-11-08 21:46:07', '0', '');
INSERT INTO `person` VALUES('668', '64', '0', 'Ljubomir', 'Petrov', 'DIAK_27.GIF', '46.74927110475196', '23.6260986328125', 'jubi', 'ah3s5lsitn', '', 'Jubi', 'Gyéresi Annamária', '~ I. C. Brâtianu u. 17/10', '~', '~Kolozsvár', 'Románia', '~0040-264-430065', '~', '~jubanandaus@yahoo.com', '~', '~', 'Babes-Bolyai Tudományegyetem, Pszichológia szak', 'Babes-Bolyai Tudományegyetem', 'Gyakorlatvezetö tanár, pszichológus', 'Péter Tamás - 1998, Áron - 2000', 'https://www.facebook.com/petrov.ljubomir', '0', '', '', '~<p>Csalah Gy&ouml;rgy &eacute;nektan&aacute;runk k&ouml;ztudottan vigy&aacute;zott a harmonik&aacute;j&aacute;ra, de persze a kulik mi voltunk, nek&uuml;nk kellett a hangszert a terembe vinn&uuml;nk a tan&aacute;rib&oacute;l. VIII. oszt&aacute;lyban Koszt&aacute;ndi Istv&aacute;nnal a fől&eacute;pcsősor tetej&eacute;ről v&eacute;letlen&uuml;l elengedt&uuml;k, &eacute;s a harmonika &eacute;ppen a tan&aacute;r &uacute;r l&aacute;ba el&eacute; bucsk&aacute;zott le. Az első ruh&aacute;t (ver&eacute;st) helyben megkaptuk (hajt&eacute;p&eacute;s, miegym&aacute;s). \n</p><p><br></p><p>		</p><hr><p><br></p><p>Csigaversenyt rendezt&uuml;nk k&eacute;mia&oacute;r&aacute;n, &eacute;s annyira elm&eacute;ly&uuml;lt&uuml;nk benne, hogy a Papp Zoli szok&aacute;sos kulcscsom&oacute;ja t&eacute;r&iacute;tett magunkhoz.</p><p></p>', '', '::1', '2016-11-27 01:19:48', '834', '');
INSERT INTO `person` VALUES('669', '64', '0', 'László Tibor', 'Sover', 'DIAK_28.GIF', '47.538166204676756', '19.124515056610107', 'Tibi', 'gyerekek', '', '', 'Rigó Edit', '~Adria u. 15', '~1158', '~BP.', '~HU', '~+36-1-4108402', '~+36-20-9548299', '~tibi.sover@gmail.com', '', '~sovertibor', '', '~Szervizpark Kft, BP.', '~szervizvezetõ', 'Renáta - 1992, Dóra - 1998', '', '0', '', '', '<p>&Eacute;desany&aacute;m szerint a sztori X. oszt&aacute;lyban t&ouml;rt&eacute;nhetett, mert elmond&aacute;sa szerint nem akartam a Brassaiba felv&eacute;telizni, a t&ouml;rt&eacute;ntek ut&aacute;n. A d&ouml;nt&eacute;semet term&eacute;szetesen m&aacute;s t&eacute;nyezők is motiv&aacute;lt&aacute;k, tudniillik nem &eacute;n voltam a cs&uacute;cstanul&oacute;, &eacute;s nem b&iacute;ztam el&eacute;gg&eacute; magamban ahhoz, hogy egy esetleges kudarccal v&eacute;gződő felv&eacute;telit bev&aacute;llaljak. A felv&eacute;teliről di&oacute;h&eacute;jban annyit lehet elmondani, hogy a tan&iacute;t&oacute; n&eacute;ni (Pincz&eacute;s Olga) elj&ouml;tt hozz&aacute;nk haza &eacute;s szem&eacute;lyesen pr&oacute;b&aacute;lt lelket &ouml;nteni bel&eacute;m, hogy m&eacute;g v&eacute;letlen&uuml;l se hagyjam ki azt a l&eacute;p&eacute;st az &eacute;letemből, ami arr&oacute;l sz&oacute;lt, hogy felv&eacute;teli a Brassaiba. Term&eacute;szetesen, m&aacute;ra tiszt&aacute;z&oacute;dott a dolog, mert ha ellenkezőleg d&ouml;nt&ouml;k, akkor biztosan megb&aacute;nom, &eacute;s most nem &iacute;rn&aacute;m ezt a t&ouml;rt&eacute;netet... A pontos d&aacute;tumra nem eml&eacute;kszem, de ez nem is fontos. Torna&oacute;ra ut&aacute;n &mdash; tal&aacute;n az egyetlen tant&aacute;rgy, ahol &bdquo;kedvenc\" voltam &nbsp;Cz&eacute;geni tan&aacute;rnő &eacute;szrevette, hogy megint bojtos sapka van a fejemen, nem is ak&aacute;rmilyen, l&oacute;g&oacute; bojtos, &eacute;s leszidott a s&aacute;rga f&ouml;ldig, hogy X-es l&eacute;temre mi&eacute;rt hordom ezt a vacakot. Nem hiszem, hogy a divatir&aacute;nyzatokat nagyon ismertem volna, de egy biztos, a tanul&oacute;k egyharmada ilyen sapk&aacute;ban j&aacute;rt iskol&aacute;ba. Nem &eacute;rtettem a letol&aacute;s indokait, ez&eacute;rt &aacute;lltam &eacute;s b&aacute;multam, mint borj&uacute; az &uacute;j kapura. Ismerve magam, miut&aacute;n felfogtam miről is van sz&oacute;, el tudom k&eacute;pzelni, hogy nem &aacute;lltam meg sz&oacute; n&eacute;lk&uuml;l &eacute;s a felesel&eacute;s mezej&eacute;re t&eacute;vedtem. Sz&oacute; tettet k&ouml;vetett, mert a tan&aacute;rnő egyszer csak lenyisszantotta a bojtot a fonalr&oacute;l, &eacute;s ott maradtam a hi&aacute;nyos sapk&aacute;val. &Uacute;gy &eacute;reztem magam, mintha &aacute;tment volna rajtam az &uacute;thenger. Lelkileg teljesen padl&oacute;t fogtam. Szerintem ezt m&eacute;g a mai napig sem em&eacute;sztettem meg. \n</p>		<hr><p>Ugyancsak ez idő t&aacute;jt volt egy nyakba akaszt&oacute;s, farmer anyagb&oacute;l &aacute;ltalam varrt kis zacsk&oacute;m, amiben a kincseimet hordtam, hogy el ne vesz&iacute;tsem &eacute;s term&eacute;szetesen az&eacute;rt is, mert a tanul&oacute;k egyharmada rendelkezett hasonl&oacute; berendez&eacute;ssel. Az egyik &oacute;ra k&ouml;zben felelni h&iacute;vtak (azt hiszem t&ouml;rt&eacute;nelemből), &eacute;s most sem tudok eldicsekedni azzal, hogy milyen remek&uuml;l v&aacute;laszoltam a feltett k&eacute;rd&eacute;sekre. A g&ouml;rcs&ouml;l&eacute;seim k&ouml;zben, hogy kital&aacute;ljam a leck&eacute;t, &aacute;tterelőd&ouml;tt a sz&oacute; a nyakamba l&oacute;g&oacute; zacsk&oacute;ra. A tartalma volt az &eacute;rdeklőd&eacute;s c&eacute;lpontja. Kider&uuml;lt, (mert hogy ki kellett &uuml;r&iacute;tenem), hogy legal&aacute;bb 43 lej lapult benne. Ez a t&eacute;ny olyan felh&aacute;borod&aacute;st okozott, hogy megint az oszt&aacute;lyfőn&ouml;kn&eacute;l k&ouml;t&ouml;ttem ki, ahol tov&aacute;bb fokoz&oacute;dott a dolog. Fel nem tudom fogni, mi volt ebben olyan eget rengető, de biztos bennem van a hiba, mert az&oacute;ta sem &eacute;rtem. A p&eacute;nzt egy&eacute;bk&eacute;nt anyuk&aacute;mt&oacute;l kaptam valamire, de ez akkor senkit nem &eacute;rdekelt. A sok hűh&oacute; miatt megint berendelt&eacute;k a sz&uuml;leimet, &eacute;s fejmos&aacute;st kaptak a haszontalan k&ouml;lyk&uuml;k miatt, &bdquo;X\"-szer. Na most ezzel az eg&eacute;sz dologgal &uacute;gy vagyok, hogy Isten igaz&aacute;b&oacute;l nem is sz&eacute;gyellem magam, de viszont egy kicsit az&eacute;rt sz&eacute;gyellem magam, mert nem sz&eacute;gyellem magam.&nbsp;</p><hr><p>Orosz dolgozat k&ouml;zben elkaptak pusk&aacute;zni, term&eacute;szetesen megkaptam az egyest &eacute;s ez pirossal beker&uuml;lt az ellenőrzőm bal oldali r&eacute;sz&eacute;be, k&ouml;z&eacute;pre. A k&ouml;vetkező &eacute;vharmadban, hogy az eset m&eacute;g egyszer ne forduljon elő, &uacute;gy megtanultam a dolgokat, hogy t&iacute;zest kaptam. Az &eacute;rdekess&eacute;g a dologban az, hogy ez is pirossal ker&uuml;lt be az ellenőrzőbe, pont a jobb oldal ugyanazon sor&aacute;ba, ahol vele szemben az egyes volt. \n</p><p><br></p>', '', '::1', '2016-11-08 21:46:07', '0', '');
INSERT INTO `person` VALUES('670', '64', '0', 'István', 'Szabó', 'DIAK_29.GIF', '32.8342952', '-97.2289029', 'Pista', 'WKtGFVHzS', '', '', '', 'North Richland Hills', '~', '~', 'USA', '~+1 940-536-7608', '~', '~stiven_sz@yahoo.com', '', '~', 'Kolozsvári Müszaki Egyetem', 'G.R.F.S. Los Angeles', 'Tervezömérnök', '', '', '0', '', '', '~<p>Szinte minden szerda reggel 8 &oacute;ra helyett m&aacute;r 7-kor a suliban voltunk, ugyanis az első &oacute;ra a matematika (algebra) volt. IX-es koromban kezdtem rettegni a matek&oacute;r&aacute;kt&oacute;l, &eacute;s ez a f&eacute;lelem n&eacute;gy &eacute;v alatt sem szűnt meg. A tan&aacute;rnő magyar&aacute;z&aacute;s&aacute;b&oacute;l semmit nem &eacute;rtettem. Nem voltam egyed&uuml;l ebben a helyzetben, &eacute;s nem is firtatom, ki volt a hib&aacute;s. A l&eacute;nyeg az, hogy a h&aacute;zi feladatot soha nem csin&aacute;ltam meg, de mivel k&ouml;telező volt, h&aacute;t musz&aacute;j volt valakiről lem&aacute;solni. A t&ouml;rt&eacute;net term&eacute;szetesen szerd&aacute;n t&ouml;rt&eacute;nt, mikor m&aacute;skor? F&uuml;l&ouml;p &Aacute;gi volt a j&oacute; matekes, neki mindig k&eacute;szen volt a h&aacute;zi feladata. Ezeken a napokon ő is kor&aacute;bban j&ouml;tt a suliba, mert r&oacute;la m&aacute;solt a f&eacute;l oszt&aacute;ly. Aznap kicsit k&eacute;stem, az &Aacute;gi f&uuml;zete m&aacute;r m&aacute;s kez&eacute;ben volt, &iacute;gy a Nagy B&eacute;la m&aacute;solata jutott el hozz&aacute;m. Persze, ő is annyit &eacute;rtett a matekhez, mint &eacute;n. Csak m&aacute;solta szorgalmasan, mintha egy k&iacute;nai &oacute;testamentumot &iacute;rna, de a k&iacute;nai betűk megegyeztek az integr&aacute;l&aacute;s, deriv&aacute;l&aacute;s jeleivel &eacute;s persze, ha kimaradt egy szinusz vagy koszinusz jel, h&aacute;t senkit nem zavart, csak a szak&eacute;rtő tan&aacute;rnőt, aki azonnal &eacute;szrevette a hib&aacute;t. 8 &oacute;ra &eacute;s a tan&aacute;rnő nagyon pontosan &eacute;rkezett szinte mindig (sajnos), &uacute;gyhogy a m&aacute;sol&aacute;st nagyon ki kellett kalkul&aacute;lni. Aznap siker&uuml;lt időben befejezni, de a tan&aacute;rnő v&aacute;ratlanul taktik&aacute;t v&aacute;ltoztatott. Eddig csup&aacute;ncsak v&eacute;gigment a sorokon &eacute;s megn&eacute;zte a f&uuml;zeteket, hogy benne van-e a megoldott feladat. Sosem buktam le, mert pontosan le volt m&aacute;solva. De ezen a napon rossz, nagyon rossz elő&eacute;rzetem volt. Feleltet&eacute;ssel kezdett, amit eddig sosem csin&aacute;lt, mert nagy volt az anyag, kev&eacute;s (szerinte kev&eacute;s) az &oacute;ra &eacute;s sietni kellett.</p>		<p>Ny&iacute;lik a napl&oacute;, persze, pont az &eacute;n oldalamon (tal&aacute;n meg volt ott ragasztva, mert sokszor ny&iacute;lott ott ki): Sover Tibor, Szab&oacute; Istv&aacute;n, Sz&eacute;kely Hajnalka &mdash; ezek a nevek szerepeltek az oldalon. De most szerencs&eacute;m volt, mert ez&uacute;ttal nem engem, hanem Sover Tibort k&eacute;rdezte a tan&aacute;rnő, hogy hogyan oldotta meg a h&aacute;zi feladatot. H&aacute;t j&oacute; neh&eacute;z k&eacute;rd&eacute;s volt, mert Tibi nem nagyon tudott r&aacute; v&aacute;laszolni. A tan&aacute;rnő gyanakv&oacute; volt &eacute;s nem sokat teket&oacute;ri&aacute;zott, s&uacute;lyos v&aacute;ddal illette szeg&eacute;ny Tibit.&nbsp;</p><p>- Kiről m&aacute;soltad? - j&ouml;tt a v&aacute;d! Tibi el&eacute;gg&eacute; zavarban volt, hogy ő m&aacute;solta?&nbsp;</p><p>- Igen, TE! - v&aacute;daskodott tov&aacute;bb a tan&aacute;rnő.&nbsp;</p><p>- H&aacute;t... h&aacute;t... &eacute;n...&nbsp;</p><p>- Na kiről?&nbsp;</p><p>Azut&aacute;n a tan&aacute;rnő Cs&aacute;sz&aacute;r Istv&aacute;nt, Tibi padt&aacute;rs&aacute;t szemelte ki &aacute;ldozatul. Istv&aacute;nt is el&eacute;gg&eacute; kellemetlen k&eacute;rd&eacute;sekkel illette, &eacute;s sajnos ő sem tudta a p&eacute;lda megold&aacute;s&aacute;t, &iacute;gy a v&aacute;d n&aacute;la is elhangzott.&nbsp;</p><p>- Kiről m&aacute;soltad? Istv&aacute;n m&aacute;r k&ouml;nnyebben kiny&ouml;gte, hogy Nagy B&eacute;l&aacute;r&oacute;l! B&eacute;la ut&aacute;n &eacute;n k&ouml;vetkeztem, ut&aacute;nam Mikl&oacute;s Andr&aacute;s, ut&aacute;na m&eacute;g egy p&aacute;ran, v&eacute;g&uuml;l F&uuml;l&ouml;p &Aacute;gin&aacute;l &eacute;rt v&eacute;get a sor. Persze, ő mindig j&oacute;l felelt, ő tudta a megold&aacute;st, ő volt a J&Oacute; matekes, a tan&aacute;rnő kedvence. De aznap 9-est kapott, minket pedig a tan&aacute;rnő 3-as jeggyel le&uuml;ltetett. K&eacute;sőbb sokszor visszagondoltam a jelenetre, de sz&aacute;momra &eacute;rthetetlen volt, hogy Tibi mi&eacute;rt nem azt mondta egyből, hogy &Aacute;gir&oacute;l m&aacute;solta &eacute;s akkor mi meg&uacute;sszuk. Tal&aacute;n v&eacute;gtelen f&eacute;lelm&eacute;ben vagy haragudott a padt&aacute;rs&aacute;ra vagy csup&aacute;n az&eacute;rt, mert becs&uuml;letes volt &eacute;s t&eacute;nyleg a padt&aacute;rs&aacute;r&oacute;l m&aacute;solta? H&aacute;t ez a t&ouml;rt&eacute;net, minden sz&oacute; igaz! &nbsp;</p><p><br></p>', '', '::1', '2016-11-08 21:46:07', '0', '');
INSERT INTO `person` VALUES('671', '64', '0', 'Hajnalka', 'Székely', 'DIAK_30.GIF', '47.373244648401624', '18.914337158203125', 'Hajni', 'valami', '', '', 'György Tibor', '~Regéczi u. 41', '~2030', '~Érd', 'Magyarország', '', '~0036-70-932-9041', '~gyorgyh@cee.hu', '', '~', 'Budapesti Müszaki Egyetem - Gépgyártástechnológia Tanszék', 'CEE KFT, Budapest', 'Müszaki asszisztens', 'Zsolt  - 1991, Zoltán - 1995', '', '0', '', '', '~<p>Az utols&oacute; Brassai Kupa d&ouml;ntő XII. oszt&aacute;lyban mindenkinek eml&eacute;kezetes marad &eacute;s az is val&oacute;sz&iacute;nű, hogy mindenkinek m&aacute;s&eacute;rt. A t&ouml;rt&eacute;net nem velem kapcsolatos. A sz&oacute;ban forg&oacute; k&eacute;zilabda d&ouml;ntő eredm&eacute;ny&eacute;t egyik&uuml;nk sem tudta elfogadni, hiszen a b&iacute;r&oacute; (Vremir Marci, a vel&uuml;nk p&aacute;rhuzamos oszt&aacute;lyb&oacute;l) nagyon rosszul b&iacute;r&aacute;skodott. A m&eacute;rkőz&eacute;s alatt folyamatosan rossz d&ouml;nt&eacute;seket hozott &eacute;s az egyik ilyen rossz d&ouml;nt&eacute;s ut&aacute;n F&uuml;l&ouml;p &Aacute;gi odament hozz&aacute;, r&aacute;tette a kez&eacute;t a homlok&aacute;ra &eacute;s megk&eacute;rdezte tőle: &bdquo;Te l&aacute;zas vagy?\" Ja &eacute;s m&eacute;g volt egy nagyon j&oacute; jelenet: szint&eacute;n a b&iacute;r&oacute;ra volt nagyon m&eacute;rges &Aacute;gi, egyszer csak let&eacute;rdelt &eacute;s a fej&eacute;t verte a f&ouml;ldbe, k&ouml;zben valamit mondott, amit a meccs zaj&aacute;t&oacute;l nem lehetett hallani. A meccset sajnos elvesztett&eacute;k a l&aacute;nyok, de ebbe az igazs&aacute;gtalans&aacute;gba nem nyugodtak bele &eacute;s kiharcolt&aacute;k a meccs megism&eacute;tl&eacute;s&eacute;t. &Eacute;n nem voltam benne a k&eacute;zilabda csapatban, de &uacute;gy esett, hogy a megism&eacute;telt d&ouml;ntőre Bereczki Enikő (ha j&oacute;l eml&eacute;kszem) megbetegedett, &iacute;gy emberhi&aacute;nyban kellett volna j&aacute;tszani. Term&eacute;szetesen &Aacute;gi ezt nem hagyta &eacute;s sok-sok unszol&aacute;s ut&aacute;n belementem, hogy &eacute;n j&aacute;tsszak Enikő helyett. Hi&aacute;ba mondtam, hogy nem tudok labd&aacute;t vezetni, passzolni sem tudok, nem r&ouml;h&ouml;gtetem magam, ő nem adta fel. V&eacute;g&uuml;l Magdi azt mondta, hogy semmi m&aacute;st nem kell hogy csin&aacute;ljak, csak valakit fogjak, hogy ne tudjon labd&aacute;hoz jutni. Tan&aacute;csa j&oacute;nak bizonyult, mert &eacute;n r&aacute;tapadtam egy l&aacute;nyra &eacute;s folyamatosan előtte kalimp&aacute;ltam, amitől siker&uuml;lt őt annyira felbosszantani, hogy meccs alatt egy j&oacute; n&eacute;h&aacute;nyszor elk&uuml;ld&ouml;tt melegebb &eacute;ghajlatra.&nbsp;</p><hr><p>M&eacute;g arra is nagyon sz&iacute;vesen eml&eacute;kszem, hogy mennyire j&oacute; volt a ballag&aacute;si &eacute;nekeket tanulni, az eg&eacute;sz oszt&aacute;ly olyan lelkesen j&aacute;rt a pr&oacute;b&aacute;kra! Nagyon j&oacute; volt szeren&aacute;dot adni a tan&aacute;roknak, főleg az, hogy nem t&ouml;rődt&uuml;nk semmivel &eacute;s olyan b&uuml;szk&eacute;n &eacute;nekelt&uuml;k a sok magyar ballag&aacute;si &eacute;neket, pedig akkor nagyon sokan bel&eacute;nk fojtott&aacute;k volna. Egy biztos, itt Magyarorsz&aacute;gon olyan sz&eacute;p ballag&aacute;st nem l&aacute;ttam, pedig itt m&aacute;ra b&ouml;lcsiben is ballagnak, az oviban is ballagnak, a 8. oszt&aacute;ly v&eacute;g&eacute;n is ballagnak &eacute;s term&eacute;szetesen 12. v&eacute;g&eacute;n is, de a sz&iacute;nvonal el&eacute;g sok kivetnival&oacute;t hagy maga ut&aacute;n.<br></p><hr><p>Sz&iacute;vesen eml&eacute;kszem vissza a t&aacute;nccsoportos &eacute;lm&eacute;nyekre, t&ouml;bbek k&ouml;z&ouml;tt arra is, hogy egyszer valami versenyen (ha j&oacute;l eml&eacute;kszem megyei verseny) sajnos csak m&aacute;sodik helyen v&eacute;gezt&uuml;nk, mert &uacute;gymond r&ouml;vid volt a l&aacute;nyok szokny&aacute;ja. Akkor nagyon rosszul esett mindenkinek, de most m&eacute;gis sz&iacute;vesen eml&eacute;kszem vissza erre is.&nbsp;</p>', '', '::1', '2016-11-08 21:46:07', '0', '');
INSERT INTO `person` VALUES('672', '64', '0', 'Tünde', 'Tatár', 'DIAK_31.GIF', '46.77937368205563', '23.616485595703125', 'Tunde', 'hsg82sf', '', '', '', '~Jupiter u. 3, Bl.OS5, I/8', '400492', 'Kolozsvár', 'Románia', '~0040-264-521012', '~', '~tundettt@yahoo.com', '', '~', 'Babes-Bolyai Tudományegyetem - közgazdász', 'Decorint Kft., Kolozsvár', 'közgazdász', '', '', '0', '', '', '~Az iskola eml&eacute;keimben nem mozzanatok &ouml;sszes&eacute;ge, hanem egy &ouml;sszef&uuml;ggő k&eacute;p, egy hangulat, egy viselked&eacute;si forma. Tulajdonk&eacute;ppen azok az &eacute;vek hat&aacute;rozt&aacute;k meg k&eacute;sőbbi &eacute;rt&eacute;krendemet, a mindig pontos munk&aacute;ra val&oacute; ig&eacute;nyt. A j&oacute; &eacute;s rossz eml&eacute;kek, a gondolkod&aacute;sunk &eacute;s munkam&oacute;dszer&uuml;nk alak&iacute;t&aacute;sa egy&uuml;ttesen alkotj&aacute;k ezt a m&aacute;r 20 &eacute;ve lez&aacute;rult fejezetet &eacute;letemben.&nbsp;		', '', '::1', '2016-11-08 21:46:07', '0', '');
INSERT INTO `person` VALUES('673', '64', '0', 'Gabriella', 'Vincze-Német', 'DIAK_33.GIF', '47.529763621524836', '21.637176275253296', 'gabiv', 'jhg59ft', '', 'Ványolosi', 'Vincze-Német Miklós', '~Baross Gábor u.11 2/7', '~4029', '~Debrecen', '~Magyarország', '~', '~30-4865676', '~vngaby@freemail.hu', '~', '~vngaby', 'Brassai Sámuel Líceum, Kolozsvár', '~Mirage szépségszalon, Debrecen', '~manikür+pedikűr', 'Edit - 1987, Tamás - 1990', 'https://www.facebook.com/profile.php?id%3D100007949744694', '0', '', '', '~Utols&oacute; &eacute;vben t&ouml;rt&eacute;nt... Az oszi &mdash; azokat, akiknek nem volt bep&oacute;tolva leck&eacute;j&uuml;k &bdquo;pol-gazdb&oacute;l\" &mdash; utols&oacute; &oacute;ra ut&aacute;n be&uuml;ltette a 60-as terembe (6-7 szem&eacute;lyt). Nekem nem kellett mennem, de mivel D&oacute;zsa Ildinek igen, &eacute;n is bek&eacute;rezkedtem, hogy megv&aacute;rjam őt. Az Oszi dikt&aacute;lni kezdett, de egy idő m&uacute;lva &aacute;t kellett mennie rendet rakni a szomsz&eacute;dos oszt&aacute;lyba, ahol lyukas&oacute;ra volt. Ez idő alatt &bdquo;csendben\" ell&oacute;gtunk. M&aacute;snap bej&ouml;tt az egyik &oacute;r&aacute;ra &eacute;s kihirdette a b&uuml;ntet&eacute;st: egy jegy levon&aacute;sa magaviseletből &eacute;s a sz&uuml;lők azonnali berendel&eacute;se. Mindenki sz&oacute;lt, hogy engem ne b&uuml;ntessen, mert nekem ott sem kellett volna lennem. Erre ő megszavaztatta az oszt&aacute;lyt. A szavaz&aacute;s eredm&eacute;nye az volt, hogy ne kapjak semmilyen b&uuml;ntet&eacute;st. Ezt csak r&eacute;szben fogadta el: nem kellett beh&iacute;vnom a sz&uuml;leimet, de a magaviseleti jegyemet lerontotta. Nem b&aacute;ntam, mert j&oacute; po&eacute;n volt, meg&eacute;rte.		', '', '::1', '2016-11-08 21:46:07', '0', '');
INSERT INTO `person` VALUES('674', '64', '0', 'Ildikó', 'Varga', 'DIAK_32.GIF', '46.36588370484979', '17.77587890625', 'Ildikov', 'lks56ldks', '', '', 'Dr. Beszterczán Peter', '~Magyarország, 7400 Kaposvár, Klapka út 15', '~', '~', 'Magyarország', '~00-36-30-4016179', '~', '~urusolyma@freemail.hu', '', '~', 'Marosvásárhelyi Orvostudományi Egyetem, Pszichiátria', 'Kapo-Mór megyei kórház, magánpraxis', 'Pszichiáter és Pszichoterapeuta', 'Ilka - 1996', '', '0', '', '', '', '', '::1', '2016-11-08 21:46:07', '0', '');
INSERT INTO `person` VALUES('675', '64', '0', 'Éva', 'Ferenczy Vass', 'vass_eva.jpg', '48.79193783965157', '9.127922058105468', 'vass_eva', 'kolozsvar1985', 'guest', 'Vass', 'Ferenczy Sándor', '', '99999', 'Stuttgart', 'Németország', '', '', '~eva.ferenczy-vass@gmx.de', '', '~vadvirag67', '', '', '', '', '', '0', '', '', '', '', '::1', '2016-11-08 21:46:07', '0', '');
INSERT INTO `person` VALUES('676', '64', '0', 'Márta', 'Moll', 'DIAK_34.GIF', '49.44367287646117', '9.793925285339355', 'marta', 'sk34dsd', '', 'Zsibói', 'Moll Ernö', '~Ottmar Schönhuth str. 50', '~ 97980', '~Bad Mergentheim', 'Németország', '~00-49-793144284', '~00-49-178-1862672', '~mollzsm@googlemail.com', '~', 'zsmm-zsmm', 'Brassai Sámuel Líceum, Kolozsvár', 'Salon S. Heilig, Bad Mergentheim', 'fodrász', 'Tímea - 1996, Márkus - 1998', 'https://www.facebook.com/marta.moll.773', '0', '', '', '', '', '::1', '2016-11-08 21:46:07', '0', '');
INSERT INTO `person` VALUES('677', '65', '0', 'Attila', 'Balázs', 'avatar.jpg', '46.70879427751824', '23.435211181640625', 'Attila', '.', '', '', '', '', '', '', '', '', '', 'balazsattila66@yahoo.com', '', '', '', '', '', '', 'https://www.facebook.com/attila.balazs.161009', '0', '', '', '', '', '::1', '2016-11-08 21:46:07', '0', '');
INSERT INTO `person` VALUES('678', '65', '0', 'Eva', 'Fodor', 'avatar.jpg', '46.70879427751824', '23.435211181640625', 'Eva', 't234r321', '', 'Balog', 'Arpad', 'aleea Meses 2/26', '400435', 'Kolozsvar', 'Romania', '0264-542778', '0724-698028', 'evafodor67@yahoo.com', '~', '~', '', 'SC Remarul Logistics SRL', 'kozgazdasz', 'Zoltan(13) es Levente(11)', 'https://www.facebook.com/fodorbalog.eva', '0', '', '', '', '', '::1', '2016-11-08 21:46:07', '0', '');
INSERT INTO `person` VALUES('679', '65', '0', 'Edit', 'Boros', 'avatar.jpg', '46.7719', '23.5924', 'Boros_Edit', 'z6CXPSwNe', '', '', '', '', '', '', '', '', '', '', '', '', '', '', '', '', '', '0', '', '', '', '', '::1', '2016-11-08 21:46:07', '0', '');
INSERT INTO `person` VALUES('680', '65', '0', 'Melinda', 'Both', 'avatar.jpg', '46.7719', '23.5924', 'Both_Melinda', 'I6HJ5DEqV', '', '', '', '', '', '', '', '', '', '', '', '', '', '', '', '', '', '0', '', '', '', '', '::1', '2016-11-08 21:46:07', '0', '');
INSERT INTO `person` VALUES('681', '65', '0', 'Krisztina', 'Chiorean', 'avatar.jpg', '46.76056154244133', '23.575286865234375', 'Chiorean_Krisztina', 'uj4VADuX', '', 'Branea', 'Mircea', 'Iugoslaviei utca 40 szam', '400423', 'Kolozsvár', 'Románia', '0040744535021', '', 'chiorean_krisztina@yahoo.com', '', '', '', 'mark deco', 'tulajdonos', 'András - 1990; Renáta - 1992', '', '0', '', '', '', '', '::1', '2016-11-08 21:46:07', '0', '');
INSERT INTO `person` VALUES('682', '65', '0', 'Ibolya', 'Vernes', 'avatar.jpg', '47.52230157865766', '19.548797607421875', 'Vernes_Ibolya', 'B4JNPEwRu', 'g', 'Bükkös', 'Vernes Ferenc', '~Szent István u.2.', '~2118', 'Dány', 'Magyarország', '~+36 28465619', '~+36203144838', 'vernesi@freemail.hu', '', '~', 'Fodrász', '~Budapest, 1106,Keresztury u8/a', '~', 'Zsolt, Richárd, Dorottya', '', '0', '', '', '', '', '::1', '2016-11-08 21:46:07', '0', '');
INSERT INTO `person` VALUES('683', '65', '0', 'Ildikó', 'Lazsádi', '12B1985/d43-0.jpg', '47.497912', '19.04023499999994', 'laildiko', 'IvGedNfAw', 'guest', 'Bükkös', 'Lazsádi László', '', '', 'Budapest', 'Magyarország', '0036302418457', '0036302418457', 'roxy.ildiko@gmail.com', '', '', 'Éretségi', 'Ego Centrum', 'Fodrász', '', 'https://www.facebook.com/ildiko.lazsadi', '0', '', '', '', '', '::1', '2016-10-24 23:33:50', '0', '');
INSERT INTO `person` VALUES('684', '65', '0', 'Ildikó', 'Bükkös', 'avatar.jpg', '46.7719', '23.5924', 'Bukkos_Ildiko', 'RbanCfeIG', '', '', '', '', '', '', '', '', '', '', '', '', '', '~', '~', '', '', '0', '', '', '', '', '::1', '2016-11-08 21:46:07', '0', '');
INSERT INTO `person` VALUES('685', '65', '0', 'Endre', 'Dali', 'avatar.jpg', '46.7719', '23.5924', 'Dali_Endre', '2FetaUv2W', '', '', '', '', '', 'Kolozsvár', '', '', '', '', '', '', '', '', '', '', 'https://www.facebook.com/kicsiyoda', '0', '', '', '', '', '::1', '2016-11-08 21:46:07', '0', '');
INSERT INTO `person` VALUES('686', '65', '0', 'Attila', 'Deák', 'avatar.jpg', '46.78290022675083', '23.580780029296875', 'Deak_Attila', 'e2jcwbyd', '', '', 'Jutka', 'Kõvári László 38', '', 'Kolozsvár', 'Románia', '0040-264-536702', '0040-744-778691', 'deakattila66@yahoo.ro', '', '', 'gépészmérnök', 'Krónika Kiadó Rt', 'kiadóigazgató', 'Tamás (25)  és Zsuzsa (24)', 'https://www.facebook.com/deak.attila.509', '0', '', '', '', '', '::1', '2016-11-08 21:46:07', '0', '');
INSERT INTO `person` VALUES('687', '65', '0', 'Mária-Magdolna', 'Kálmán', 'avatar.jpg', '47.98256841921402', '21.796875', 'Kalman_Maria-Magdolna', 'jeupYyNhY', '', 'Enyedi', '', '~Kossuth 37', '~4531', 'Nyírpazony', 'Magyarország', '~+36 6 70 311 82 55', '', '', '', '', '', '', '', '', '', '0', '', '', '', '', '::1', '2016-11-08 21:46:07', '0', '');
INSERT INTO `person` VALUES('688', '65', '0', 'S&aacute;ndor', 'Felh&aacute;zi', 'avatar.jpg', '46.7719', '23.5924', 'Felhazi_Sandor', 'fu3aFIVcE', '', '', '', '', '', '', '', '', '', 'kalev@gmx.net', '', '', '', '', '', '', '', '0', '', '', '', '', '192.168.201.40', '2016-12-04 18:31:52', '834', '');
INSERT INTO `person` VALUES('689', '65', '0', 'Erzsébet', 'Fülöp', 'avatar.jpg', '46.7719', '23.5924', 'Fulop_Erzsebet', 'K4qIHpGvF', '', '', '', '', '', '', '', '', '', '', '', '', '', '', '', '', '', '0', '', '', '', '', '::1', '2016-11-08 21:46:07', '0', '');
INSERT INTO `person` VALUES('690', '65', '0', 'Sándor', 'Hosszú', '198512BHosszuSandor.JPG', '46.7719', '23.5924', 'Hosszu_Sandor', 'uLRTmVB7q', '', '', '', '~', '~', '~', '~', '~', '~', '', '', '~', '', '~', '~', '', '', '0', '', '', '', '', '::1', '2016-11-08 21:46:07', '0', '');
INSERT INTO `person` VALUES('691', '65', '0', 'Steven', 'Bodo', '198512BBodoIstvan.JPG', '45.35504040231646', '-122.85049438476562', 'Bodo', '172415bodo', '', 'István', 'Monica', '~22750 SW Taylor Court', '97140', 'Sherwood OR', 'Egyesult Államok', '~+1 503 625-9017', '+1 503 998-9017', '~eurostev@comcast.net', '', '~eurostev', 'Portland Community College, Portland State University- Portland OR. USA', 'Transamerica Financial Advisors, Inc.', 'investment advisor representative', 'Edward - 1994, Jason - 2002', '', '0', '', '', '', '', '::1', '2016-11-08 21:46:07', '0', '');
INSERT INTO `person` VALUES('692', '65', '0', 'Ilona', 'Jaskó', 'avatar.jpg', '46.7719', '23.5924', 'Jasko_Ilona', '9WdRFXAsc', '', '', '', '', '', '', '', '', '', '', '', '', '', '', '', '', '', '0', '', '', '', '', '::1', '2016-11-08 21:46:07', '0', '');
INSERT INTO `person` VALUES('693', '65', '0', 'Attila', 'Kelemen', 'avatar.jpg', '46.7719', '23.5924', 'Kelemen_Attila', 'xYvmPShfW', '', '', '', '', '', '', '', '', '', 'attila.kelemen@novotech.ro', '', '', '', '', '', '', '', '0', '', '', '', '', '::1', '2016-11-08 21:46:07', '0', '');
INSERT INTO `person` VALUES('694', '65', '0', 'László', 'Kis-Lukács', 'avatar.jpg', '46.7719', '23.5924', 'Kis-Lukacs_Laszlo', 'AsQHdN5uz', '', '', '', '', '', '', '', '', '', '', '', '', '', '', '', '', '', '0', '', '', '', '', '::1', '2016-11-08 21:46:07', '0', '');
INSERT INTO `person` VALUES('695', '65', '0', 'Attila Géza (Cézár)', 'Kiss', '198512BKissAttila.JPG', '47.54548115043221', '18.715295791625977', 'Kiss_Attila', '199595', '', '', 'Kissné Bindácz Erzsébet', 'Mányi út 10.', '2072', 'Zsámbék', 'Magyarország', '+36 23 342 666', '+36 70 2480280', 'cezar1995@invitel.hu', '~', 'kiss.attila71', '', '', '~', 'Orsolya', 'https://www.facebook.com/attilageza.kiss', '0', '', '', '', '', '::1', '2016-11-08 21:46:07', '0', '');
INSERT INTO `person` VALUES('696', '0', '1', 'Erzsébet', 'Révész', 'oooteac/d14-0.jpg', '46.76996843356982', '23.5546875', 'Revesz_Erzsebet', 're2009', 'editor', 'Kiss', 'Révész Mihály', 'P-ta I.Agarbiceanu 4', '400477', 'Kolozsvár', '~Románia', '~+40264442459', '~+40744501446', '~elisabethrevesz@yahoo.com', '', '~cunika.471', 'Múszaki Egyetem Kolozsvár', 'Nyugdias', 'Tanárnö', '12B1985', 'https://www.facebook.com/rerzsebet', '0', '', '', '', '', '::1', '2016-11-08 21:46:11', '0', '');
INSERT INTO `person` VALUES('697', '65', '0', 'Orsolya', 'Kory', 'avatar.jpg', '46.7719', '23.5924', 'Kory_Orsolya', 'IA7g9PKdM', '', '', '', '', '', '', '', '', '', '', '', '', '', '', '', '', '', '0', '', '', '', '', '::1', '2016-11-08 21:46:07', '0', '');
INSERT INTO `person` VALUES('698', '65', '0', 'Adélka', 'Kovács', 'avatar.jpg', '46.7719', '23.5924', 'Kovacs_Adelka', 'yZ7LqeGh', '', '', '', '', '', '', '', '', '', '', '', '', '', '', '', '', '', '0', '', '', '', '', '::1', '2016-11-08 21:46:08', '0', '');
INSERT INTO `person` VALUES('699', '65', '0', 'Árpád', 'Kovács', '198512BKovacsArpad.JPG', '46.81885778879603', '23.594512939453125', 'Kovacs_Arpad', 'eJgpDMbnj', '', '', 'Terschánszki Ágnes', 'Str. Magaziei nr.25', '400178', 'Kolozsvár', 'Románia', '+40 264 595726', '+40 745 660677', 'kovacsram@yahoo.com', '~', 'kovacsram', 'liceum', 'S.C. Ramart S.R.L. képkeretezés, restaurálás', 'üzletvezet&#337;', 'Levente 1991 jun 03', 'https://www.facebook.com/kolozsvar.kepkeretezes', '0', '', '', '', '', '::1', '2016-11-08 21:46:08', '0', '');
INSERT INTO `person` VALUES('700', '65', '0', 'Éva', 'Szabó', 'avatar.jpg', '47.4984056', '19.0407578', 'Szabo_Eva', 'dNy7aTKZE', '', 'Kudor', 'Attila', '~ Rózsakvarc u. 10/2', '~1188', 'Budapest', 'Magyarország', '~36-1-264-86-89', '~06-20-565-48-35', 'szaboeva15@citromail.hu', '~', '~', 'Mérlegképes könyvelõ', '~Aeroplex Közép-európai Légijármû Mûszaki Központ Kft', '~Könyvelõ', 'Norbert Hunor', 'https://www.facebook.com/szabo.eva.7359', '0', '', '', '', '', '::1', '2016-11-08 21:46:08', '0', '');
INSERT INTO `person` VALUES('701', '65', '0', 'Gabriella', 'Lázár', 'avatar.jpg', '46.7719', '23.5924', 'Lazar_Gabriella', 'PJj46gbnj', '', '', '', '', '', '', '', '', '', '', '', '', '', '', '', '', '', '0', '', '', '', '', '::1', '2016-11-08 21:46:08', '0', '');
INSERT INTO `person` VALUES('702', '65', '0', 'József (Yogi)', 'Lénárd', 'avatar.jpg', '46.7719', '23.5924', 'Lenard_Jozsef', 'Qh4PUhKme', '', '', 'Csilla', '', '', 'Kolozsvár', '', '', '+40744897633', 'yogi_ko94@yahoo.com', 'https://www.facebook.com/knockout.zenekar/info/', '', '', 'Sapientia EMTE Stúdió Technikus', '', 'Janice', 'https://www.facebook.com/yogijozsef.lenard', '0', '', '', '', '', '::1', '2016-11-08 21:46:08', '0', '');
INSERT INTO `person` VALUES('703', '65', '0', 'Anikó', 'Márton Åsgrim', '198512BMartonAniko.JPG', '59.344022628311805', '18.04774761199951', 'Marton_Aniko', 'animar87', '', 'Márton', 'Anders', 'Vidargatan 6', '11327', 'Stockholm', 'Svédország', '+468326316', '+46705508755', 'aniko.marton-asgrim@karolinska.se', '', '', 'Stockholms Universitet, Karolinska Institutet', 'Karolinska sjukhuset', 'Kurator', 'Mária (1991), Erik (2000)', '', '0', '', '', '', '', '::1', '2016-11-08 21:46:08', '0', '');
INSERT INTO `person` VALUES('704', '65', '0', 'Mária', 'Berger', 'avatar.jpg', '46.64482552659189', '21.345577239990234', 'Berger_Maria', 'JL4TK7MqP', '', 'Molnár', 'Berger Ottó', 'Széchenyi u. 108sz.', '5711', 'Gyula', 'Magyarország', '', '+36-30-528-4944', 'bergmolma@gmail.com', '~', 'bergmolma', 'Kolozsvári Mûszaki Egyetem - Gépészmérnök', 'Fa-Fém Bútor ZRT', 'vezető technológus', 'Ottó Klaus (1993)', 'https://www.facebook.com/bergmolma', '0', '', '', '', '', '::1', '2016-11-08 21:46:08', '0', '');
INSERT INTO `person` VALUES('705', '65', '0', 'Mária', 'Nagy', 'avatar.jpg', '47.640410285382224', '19.14093017578125', 'Nagy_Maria', 'nw8KN6GCI', '', '', '', '', '', 'Dunakeszi', 'Magyarország', '~+36 6304741478', '', 'nagy.maria@brevis.hu', '', '~bugrika', 'Ady-Sincai Történelem Filológia Líceum, NKS/EDE', '~Brevis Marketing Kommunikációs M&#369;hely', '', '', '', '0', '', '', '', '', '::1', '2016-11-08 21:46:08', '0', '');
INSERT INTO `person` VALUES('706', '65', '0', 'Levente', 'Papp', 'avatar.jpg', '46.7719', '23.5924', 'Papp_Levente', 'JJQ6WhCG4', '', '', '', '', '', '', '', '', '', '', '', '', '', '', '', '', '', '0', '', '', '', '', '::1', '2016-11-08 21:46:08', '0', '');
INSERT INTO `person` VALUES('707', '65', '0', 'Erzsébet', 'Szados', 'avatar.jpg', '46.7719', '23.5924', 'Peter_Erzsebet', '12rt67hb', '', 'Péter', 'Szados János', 'Str. Scarisoara 1/16', '400445', 'Kolozsvar', 'Romania', '0364-108651', '0748-305086', '~eliz67@freemail.hu', '~', '~', 'gepeszmernok', 'economic soft consulting', 'ugyintezo', 'Nandor es Apolka', 'https://www.facebook.com/szados.eliz', '0', '', '', '', '', '::1', '2016-11-08 21:46:08', '0', '');
INSERT INTO `person` VALUES('708', '65', '0', 'Magda', 'Dósa', 'avatar.jpg', '47.793308', '18.7419333', 'Rigo_Magda', 'dbZm5jAak', '', 'Rigó', 'Dósa Attila', 'Esztergom', '2500', '', 'Magyarország', '', '', 'dosa.attila@invitel.hu', '', 'dosa attila magdi', '', '', '', '', '', '0', '', '', '', '', '::1', '2016-11-08 21:46:08', '0', '');
INSERT INTO `person` VALUES('709', '65', '0', 'Krisztina', 'Dezsi', 'avatar.jpg', '48.3060741', '14.2862934', 'Ripka_Krisztina', 'BrTy9UyYs', '', 'Ripka', '', '', '', 'Linz', 'Ausztria', '', '', '~ribizli_kriss@yahoo.de', '', '', '', '', '', '', 'https://www.facebook.com/ribizli.kriss', '0', '', '', '', '', '::1', '2016-11-08 21:46:08', '0', '');
INSERT INTO `person` VALUES('710', '65', '0', 'Julianna', 'Rózsa', 'avatar.jpg', '47.496792215201786', '19.043426513671875', 'Rozsa_Julianna', 'TNEYV3ugT', '', 'Rózsa', '', '~Etele út 67.', '~1119', 'Budapest', 'Magyarország', '~', '~06-30-7492746', 'virag02@yahoo.com', '~', '~', '', 'Ericsson Magyarország Kft.', '~Konfiguracios manager', 'Tamás (2000)', 'https://www.facebook.com/profile.php?id%3D100008362470851', '0', '', '', '', '', '::1', '2016-11-08 21:46:08', '0', '');
INSERT INTO `person` VALUES('711', '65', '0', 'Ágnes', 'Losteiner', 'avatar.jpg', '47.1887157', '18.4138088', 'Sepsy_Agnes', 'ablak1', '', 'Sepsy', 'Losteiner József', '', '8000', 'Székesfehérvár', 'Magyarország', '00-36-22-380-280', '00-36-30-3353692', 'lostiagi@gmail.com', '', '', 'Feng Shui tanácsadói tanfolyam', 'VT Metal Kft', 'Menedzser asszisztens', 'Hanna-Zsófia (1995), Gábor-József (2000)', '', '0', '', '', '', '', '::1', '2016-11-08 21:46:08', '0', '');
INSERT INTO `person` VALUES('712', '65', '0', 'Andrea', 'Gergely-Varga', 'avatar.jpg', '48.0033544', '16.25286', 'Simonfi_Andrea', 'XVkfbV2X5', '', 'Simonfi', 'Gergely-Varga László', 'Josef Höflegasse 32/1/12', '2500', 'Baden bei Wien', 'Ausztria', '~+43 2252 46667', '~+43 650 9399395', '~andrea.gergely-varga@inode.at', '', '~kaktusztueske', 'Gépészmérnök', 'Bilek&Schüll Kunststoffverarbeitung GsmbH', 'Mérnök', 'Gergely-Varga Patricia', '', '0', '', '', '', '', '::1', '2016-11-08 21:46:08', '0', '');
INSERT INTO `person` VALUES('713', '65', '0', 'Zsuzsa', 'Tar Bengtsson', 'avatar.jpg', '55.699259616176356', '13.1890869140625', 'Tar_Zsuzsa', 'Vilma4848', '', 'Tar', '', 'Luzernv. 1 A', '22738', 'Lund', 'Svédország', '0046-46-121465', '0046-70-7330334', 'zsuzsa@comhem.se', '', 'tarzsuzsa', 'Vårdhögskolan Kristianstad / Malmö Högskola', 'Botulfstandläkarna / Lund', 'Foghigiénikus', 'Benjámin, Emma, Vilma', 'https://www.facebook.com/tar.zsuzsa', '0', '', '', '', '', '::1', '2016-11-08 21:46:08', '0', '');
INSERT INTO `person` VALUES('714', '65', '0', 'Jolán', 'Bázsa', 'avatar.jpg', '47.2540616', '16.9352309', 'bababi', 'zolika', '', 'Tõkés', 'Zoltán', 'Temetõ u. 4/5', '9600', 'Sárvár', 'Magyarország', '', '~06-30-4138239', '~bazsa.babi@yahoo.com', '', '~babizoli3', '', '', '', 'Kristóf-Márk', '', '0', '', '', '', '', '::1', '2016-11-08 21:46:08', '0', '');
INSERT INTO `person` VALUES('715', '65', '0', 'Ibolya', 'Tóth', 'avatar.jpg', '46.7719', '23.5924', 'Toth_Ibolya', '5NRFIQdUI', '', '', '', '', '', '', '', '', '', '', '', '', '', '', '', '', '', '0', '', '', '', '', '::1', '2016-11-08 21:46:08', '0', '');
INSERT INTO `person` VALUES('716', '65', '0', 'Gitta', 'Veres', 'avatar.jpg', '46.7719', '23.5924', 'Veres_Gitta', '97QdHc8GU', '', '', '', '', '', '', '', '', '', '', '', '', '', '', '', '', '', '0', '', '', '', '', '::1', '2016-11-08 21:46:08', '0', '');
INSERT INTO `person` VALUES('717', '65', '0', 'Marton', 'Vremir', '198512BVremirMarci.JPG', '46.773730730079386', '23.536834716796875', 'Marci', 'manocska', '', '', '', '~', '~', '~Kolozsvar', '~Románia', '~', '~', 'martonvremir@yahoo.com', '~', '~', 'Academia de Arte Vizuale Ion Andreescu', '~', '~', '', 'https://www.facebook.com/mvremir', '0', '', '', '', '', '::1', '2016-11-08 21:46:08', '0', '');
INSERT INTO `person` VALUES('718', '66', '0', 'Ágnes', 'Ambrus', 'avatar.jpg', '46.7719', '23.5924', 'evvDPECFq', 'Hh2Wka4EP', '', '', '', '', '', '', '', '', '', '', '', '', '', '', '', '', '', '0', '', '', '', '', '::1', '2016-11-08 21:46:08', '0', '');
INSERT INTO `person` VALUES('719', '66', '0', 'Noémi', 'Ambrus', 'avatar.jpg', '46.7719', '23.5924', 'D5F5RQjCV', 'fCBAhcvCG', '', '', '', '', '', '', '', '', '', '', '', '', '', '', '', '', '', '0', '', '', '', '', '::1', '2016-11-08 21:46:08', '0', '');
INSERT INTO `person` VALUES('720', '66', '0', 'Kirsztina', 'Andrási', 'avatar.jpg', '46.7719', '23.5924', 'fKz5kcgdr', 'sSh8uhku8', '', '', '', '', '', '', '', '', '', '', '', '', '', '', '', '', '', '0', '', '', '', '', '::1', '2016-11-08 21:46:08', '0', '');
INSERT INTO `person` VALUES('721', '66', '0', 'Lajos', 'Bajnóczi', 'avatar.jpg', '46.7719', '23.5924', 'e7vs4gjmT', 'c9kA6ayYx', '', '', '', '', '', '', '', '', '', '', '', '', '', '', '', '', '', '0', '', '', '', '', '::1', '2016-11-08 21:46:08', '0', '');
INSERT INTO `person` VALUES('722', '66', '0', 'Attila', 'Balázs', 'avatar.jpg', '46.7719', '23.5924', '3ahnHyX7e', 'xag8nf4Gj', '', '', '', '', '', '', '', '', '', '', '', '', '', '', '', '', '', '0', '', '', '', '', '::1', '2016-11-08 21:46:08', '0', '');
INSERT INTO `person` VALUES('723', '66', '0', 'Imola', 'Bálint', 'avatar.jpg', '46.7719', '23.5924', 'BnwSm57fm', 'PMIUX6HnH', '', '', '', '', '', '', '', '', '', '', '', '', '', '', '', '', '', '0', '', '', '', '', '::1', '2016-11-08 21:46:08', '0', '');
INSERT INTO `person` VALUES('724', '66', '0', 'Antónia', 'Balló', 'avatar.jpg', '46.7719', '23.5924', 'HE26gL68r', 'CrW526gpI', '', '', '', '', '', '', '', '', '', '', '', '', '', '', '', '', '', '0', '', '', '', '', '::1', '2016-11-08 21:46:08', '0', '');
INSERT INTO `person` VALUES('725', '66', '0', 'Béla', 'Bánffy', 'avatar.jpg', '46.7719', '23.5924', 'X9RVe6pGa', 'XSIJabV9p', '', '', '', '', '', '', '', '', '', '', '', '', '', '', '', '', '', '0', '', '', '', '', '::1', '2016-11-08 21:46:08', '0', '');
INSERT INTO `person` VALUES('726', '66', '0', 'Péter', 'Bartha', 'avatar.jpg', '46.7719', '23.5924', 'Y84ZGVWxv', 'TWLQDXMNa', '', '', '', '', '', '', '', '', '', '', '', '', '', '', '', '', '', '0', '', '', '', '', '::1', '2016-11-08 21:46:08', '0', '');
INSERT INTO `person` VALUES('727', '66', '0', 'Mária', 'Bicsak', 'avatar.jpg', '46.608934987772415', '22.801384374999998', 'MPFRTrAU7', '7WBncQcU3', '', '', '', '', '', '', '', '', '', '', '', '', '', '', '', '', '', '0', '', '', '', '', '::1', '2016-11-08 21:46:08', '0', '');
INSERT INTO `person` VALUES('728', '66', '0', 'Enikő', 'Biró', 'avatar.jpg', '46.7719', '23.5924', 'Rv8UUsyZJ', 'bACRmgmyK', '', '', '', '', '', '', '', '', '', '', '', '', '', '', '', '', '', '0', '', '', '', '', '::1', '2016-11-08 21:46:08', '0', '');
INSERT INTO `person` VALUES('729', '66', '0', 'Judith', 'Biró', 'avatar.jpg', '46.7719', '23.5924', 'vxa8L78vr', 'KmRfqF2wM', '', '', '', '', '', '', '', '', '', '', '', '', '', '', '', '', '', '0', '', '', '', '', '::1', '2016-11-08 21:46:08', '0', '');
INSERT INTO `person` VALUES('730', '66', '0', 'Enikő', 'Nagy', 'avatar.jpg', '48.18628138277486', '16.308464453124998', '78ZaYIWrD', 'VkW4L2nyb', '', 'Bodola', '', '', '', '', 'Ausztria', '', '', '', '', '', '', '', '', '', '', '0', '', '', '', '', '::1', '2016-11-08 21:46:08', '0', '');
INSERT INTO `person` VALUES('731', '66', '0', 'Ildikó', 'Bodor', 'avatar.jpg', '46.7719', '23.5924', '5uVsVnfV8', 'Hu7dkhH7g', '', '', '', '', '', '', '', '', '', '', '', '', '', '', '', '', '', '0', '', '', '', '', '::1', '2016-11-08 21:46:08', '0', '');
INSERT INTO `person` VALUES('732', '66', '0', 'Enikő', 'Bodroghi', 'avatar.jpg', '46.7719', '23.5924', 'wt2Ezx8BT', 'cddNdSZJa', '', '', '', '', '', '', '', '', '', '', '', '', '', '', '', '', '', '0', '', '', '', '', '::1', '2016-11-08 21:46:08', '0', '');
INSERT INTO `person` VALUES('733', '66', '0', 'Hajnal', 'Csiándor', 'avatar.jpg', '46.7719', '23.5924', 'FjdftYKTc', '8g3xNGIdV', '', '', '', '', '', '', '', '', '', '', '', '', '', '', '', '', '', '0', '', '', '', '', '::1', '2016-11-08 21:46:08', '0', '');
INSERT INTO `person` VALUES('734', '66', '0', 'Éva', 'Dózsa', 'avatar.jpg', '46.7719', '23.5924', 'f3zcp4xGz', 'Ccmm7EThK', '', '', '', '', '', '', '', '', '', '', '', '', '', '', '', '', '', '0', '', '', '', '', '::1', '2016-11-08 21:46:08', '0', '');
INSERT INTO `person` VALUES('735', '66', '0', 'Attila', 'Egri', 'avatar.jpg', '46.7719', '23.5924', 'w6k8jwDBp', 'N8aJvZUWr', '', '', '', '', '', '', '', '', '', '', '', '', '', '', '', '', '', '0', '', '', '', '', '::1', '2016-11-08 21:46:08', '0', '');
INSERT INTO `person` VALUES('736', '66', '0', 'Csaba', 'Felvinczi', 'avatar.jpg', '46.7719', '23.5924', 'Jute7fjK3', 'PUsVE9XYw', '', '', '', '', '', '', '', '', '', '', '', '', '', '', '', '', '', '0', '', '', '', '', '::1', '2016-11-08 21:46:08', '0', '');
INSERT INTO `person` VALUES('737', '66', '0', 'Izabella', 'Gecse', 'avatar.jpg', '46.7719', '23.5924', '5WtU9DG3y', 'vDeSmdXFI', '', '', '', '', '', '', '', '', '', '', '', '', '', '', '', '', '', '0', '', '', '', '', '::1', '2016-11-08 21:46:08', '0', '');
INSERT INTO `person` VALUES('738', '66', '0', 'László', 'Gergely', 'avatar.jpg', '46.7719', '23.5924', 'VYKWFpCPz', 'xVaVTg9yT', '', '', '', '', '', '', '', '', '', '', '', '', '', '', '', '', '', '0', '', '', '', '', '::1', '2016-11-08 21:46:08', '0', '');
INSERT INTO `person` VALUES('739', '66', '0', 'Annamária', 'Gombár', 'avatar.jpg', '46.7719', '23.5924', 'RFf8bHvtI', '72un6WJRV', '', '', '', '', '', '', '', '', '', '', '', '', '', '', '', '', '', '0', '', '', '', '', '::1', '2016-11-08 21:46:08', '0', '');
INSERT INTO `person` VALUES('740', '66', '0', 'Robert', 'Jakab', 'avatar.jpg', '49.48484690384576', '8.451780722045896', 'VVbnYFTW6', 'cGW5FwZLq', '', '', '', '', '', 'Mannheim', 'Németország', '', '', 'rjacob@gmx.de', '', '', '', '', '', '', 'https://www.facebook.com/robert.jacob.92505', '0', '', '', '', '', '::1', '2016-11-08 21:46:08', '0', '');
INSERT INTO `person` VALUES('741', '66', '0', 'Éva', 'Körösfőy', 'avatar.jpg', '46.7719', '23.5924', 'RGdPmwEFz', 'mFrxwIQ8z', '', '', '', '', '', '', '', '', '', '', '', '', '', '', '', '', '', '0', '', '', '', '', '::1', '2016-11-08 21:46:08', '0', '');
INSERT INTO `person` VALUES('742', '66', '0', 'András', 'László', 'avatar.jpg', '46.7719', '23.5924', 'ws5QykKwf', 'nyFBNbLzC', '', '', '', '', '', '', '', '', '', '', '', '', '', '', '', '', '', '0', '', '', '', '', '::1', '2016-11-08 21:46:08', '0', '');
INSERT INTO `person` VALUES('743', '66', '0', 'Emilia', 'Máthé', 'avatar.jpg', '46.7719', '23.5924', '27MnYw93Y', 't2Kv3WjrM', '', '', '', '', '', '', '', '', '', '', '', '', '', '', '', '', '', '0', '', '', '', '', '::1', '2016-11-08 21:46:08', '0', '');
INSERT INTO `person` VALUES('744', '66', '0', 'Réka', 'Mihály', 'avatar.jpg', '46.7719', '23.5924', 'E5HYQmXrN', 'Q895qPrdy', '', '', '', '', '', '', '', '', '', '', '', '', '', '', '', '', '', '0', '', '', '', '', '::1', '2016-11-08 21:46:08', '0', '');
INSERT INTO `person` VALUES('745', '66', '0', 'Péter', 'Nagy', 'avatar.jpg', '46.7719', '23.5924', 'c7WAtI9um', 'KrpkHJes9', '', '', '', '', '', '', '', '', '', '', '', '', '', '', '', '', '', '0', '', '', '', '', '::1', '2016-11-08 21:46:08', '0', '');
INSERT INTO `person` VALUES('746', '66', '0', 'Péter', 'Nagy', 'avatar.jpg', '48.21465675658186', '16.337303564453123', 'PVsXeaBPE', '3H3cD2KYf', '', '', '', '', '', '', 'Ausztria', '', '', 'peter-zoltan.nagy@containex.com', '', '', '', '', '', '', '', '0', '', '', '', '', '::1', '2016-11-08 21:46:08', '0', '');
INSERT INTO `person` VALUES('747', '66', '0', 'Réka', 'Sorompó', 'avatar.jpg', '46.7719', '23.5924', '4gCPzKYzd', '8YczLd9GT', '', '', '', '', '', '', '', '', '', '', '', '', '', '', '', '', '', '0', '', '', '', '', '::1', '2016-11-08 21:46:08', '0', '');
INSERT INTO `person` VALUES('748', '66', '0', 'Enikő', 'Szalczer', 'avatar.jpg', '46.7719', '23.5924', 'r2j5aaGa6', 'ax5haZMcZ', '', '', '', '', '', '', '', '', '', '', '', '', '', '', '', '', '', '0', '', '', '', '', '::1', '2016-11-08 21:46:09', '0', '');
INSERT INTO `person` VALUES('749', '66', '0', 'Csaba', 'Szász', 'avatar.jpg', '46.7719', '23.5924', 'S3tzQ63xq', '5ShIXBuCD', '', '', '', '', '', '', '', '', '', '', '', '', '', '', '', '', '', '0', '', '', '', '', '::1', '2016-11-08 21:46:09', '0', '');
INSERT INTO `person` VALUES('750', '66', '0', 'Zsejke', 'Székely', 'avatar.jpg', '46.7719', '23.5924', 'UvBSgdc2Z', 'L9u4j4JLG', '', '', '', '', '', '', '', '', '', '', '', '', '', '', '', '', '', '0', '', '', '', '', '::1', '2016-11-08 21:46:09', '0', '');
INSERT INTO `person` VALUES('751', '66', '0', 'Levente', 'Szilágyi', 'avatar.jpg', '46.7719', '23.5924', 'wDh9m9974', 'Vt8v9LgCD', '', '', '', '', '', '', '', '', '', '', '', '', '', '', '', '', '', '0', '', '', '', '', '::1', '2016-11-08 21:46:09', '0', '');
INSERT INTO `person` VALUES('752', '66', '0', 'József', 'Szőcs', 'avatar.jpg', '46.7719', '23.5924', '6GwzkTTz9', 'wY7VeRveg', '', '', '', '', '', '', '', '', '', '', '', '', '', '', '', '', '', '0', '', '', '', '', '::1', '2016-11-08 21:46:09', '0', '');
INSERT INTO `person` VALUES('753', '66', '0', 'György', 'Veres', '12A1986/d2-0.jpg', '46.7719', '23.5924', 'pBKCnxKf5', 'Rqj9Whthf', '', '', '', '', '', '', '', '', '', 'veresgyorgy@freemail.hu', '', '', '', '', '', '', '', '0', '', '', '', '', '::1', '2016-11-08 21:46:09', '0', '');
INSERT INTO `person` VALUES('754', '66', '0', 'Ingeborg', 'Vincze', 'avatar.jpg', '46.7719', '23.5924', 'nSs6ekshG', 'AKPWWMj73', '', '', '', '', '', '', '', '', '', '', '', '', '', '', '', '', '', '0', '', '', '', '', '::1', '2016-11-08 21:46:09', '0', '');
INSERT INTO `person` VALUES('755', '67', '0', 'Judit', 'Akerman', 'avatar.jpg', '46.7719', '23.5924', '3TBsbr35G', '4Zp9k8LxH', '', '', '', '', '', '', '', '', '', '', '', '', '', '', '', '', '', '0', '', '', '', '', '::1', '2016-11-08 21:46:09', '0', '');
INSERT INTO `person` VALUES('756', '67', '0', 'Károly', 'Baczoni', 'avatar.jpg', '46.7719', '23.5924', 'zTJ8AQ6LP', '5RUMaHP54', '', '', '', '', '', '', '', '', '', '', '', '', '', '', '', '', '', '0', '', '', '', '', '::1', '2016-11-08 21:46:09', '0', '');
INSERT INTO `person` VALUES('757', '67', '0', 'János Csaba', 'Bajkó', 'avatar.jpg', '46.7719', '23.5924', 'csabab', 'CvTa5jpNY', '', '', '', '', '', 'Kolozsvár', '', '', '', '', '', '', '', '', '', '', 'https://www.facebook.com/csaba.bajko.754', '0', '', '', '', '', '::1', '2016-11-08 21:46:09', '0', '');
INSERT INTO `person` VALUES('758', '67', '0', 'Erzsébet Gyöngyvirág', 'Biró', 'avatar.jpg', '46.7719', '23.5924', 'YnEUXIAd4', 'eyuFwpxAg', '', '', '', '', '', '', '', '', '', '', '', '', '', '', '', '', '', '0', '', '', '', '', '::1', '2016-11-08 21:46:09', '0', '');
INSERT INTO `person` VALUES('759', '67', '0', 'Tamás', 'Böjthe', 'avatar.jpg', '47.497912', '19.04023499999994', 'qbQvK5rkK', 'GtBUVFaQJ', '', '', '', '', '', 'Budapest', 'Magyarország', '', '', '', '', '', '', '', '', '', 'https://www.facebook.com/tamas.bojthe.3', '0', '', '', '', '', '::1', '2016-11-08 21:46:09', '0', '');
INSERT INTO `person` VALUES('760', '67', '0', 'Zsuzsa', 'Csepregi', 'avatar.jpg', '46.7719', '23.5924', 'KVXXhwcRn', 'D7CypPUGK', '', '', '', '', '', '', '', '', '', '', '', '', '', '', '', '', 'https://www.facebook.com/zsuzsanna.csepregi.35', '0', '', '', '', '', '::1', '2016-11-08 21:46:09', '0', '');
INSERT INTO `person` VALUES('761', '67', '0', 'Ildikó', 'Deák', 'avatar.jpg', '46.7719', '23.5924', '54fGB4pfu', '3xeUDDESN', '', '', '', '', '', '', '', '', '', '', '', '', '', '', '', '', '', '0', '', '', '', '', '::1', '2016-11-08 21:46:09', '0', '');
INSERT INTO `person` VALUES('762', '67', '0', 'Attila', 'Farkas', 'avatar.jpg', '46.7719', '23.5924', 'ba3V7IqGR', 'uEt9Ykdwh', '', '', '', '', '', '', '', '', '', '', '', '', '', '', '', '', '', '0', '', '', '', '', '::1', '2016-11-08 21:46:09', '0', '');
INSERT INTO `person` VALUES('763', '67', '0', 'Erika Csilla', 'Gombos', 'avatar.jpg', '46.7719', '23.5924', 'RSLzhjReK', 'TX7dB3qSu', '', '', '', '', '', '', '', '', '', '', '', '', '', '', '', '', '', '0', '', '', '', '', '::1', '2016-11-08 21:46:09', '0', '');
INSERT INTO `person` VALUES('764', '67', '0', 'Csaba', 'Kántor', 'avatar.jpg', '46.7719', '23.5924', 'k5q4925I4', '9D73t4Af4', '', '', '', '', '', '', '', '', '', '', '', '', '', '', '', '', '', '0', '', '', '', '', '::1', '2016-11-08 21:46:09', '0', '');
INSERT INTO `person` VALUES('765', '67', '0', 'József Csaba', 'Káptalan-Nagy', '12B1986/d27-0.jpg', '59.4419', '18.070329899999933', 'xmwZCJ7LL', 'TTCfBffD6', '', '', '', '', '', 'Täby', 'Svédország', '', '', '', '', '', '', '', '', '', 'https://www.facebook.com/jozsefcsaba.kaptalannagy', '0', '', '', '', '', '::1', '2016-11-08 21:46:09', '0', '');
INSERT INTO `person` VALUES('766', '67', '0', 'Emese', 'Kelemen', 'avatar.jpg', '46.7719', '23.5924', 'ysb5KbJf8', 'nQkgwq7E6', '', '', '', '', '', '', '', '', '', '', '', '', '', '', '', '', '', '0', '', '', '', '', '::1', '2016-11-08 21:46:09', '0', '');
INSERT INTO `person` VALUES('767', '67', '0', 'Erzsébet', 'Kelemen', 'avatar.jpg', '46.7719', '23.5924', 'pZd2cVC3a', 'dXnsZEZIP', '', '', '', '', '', '', '', '', '', '', '', '', '', '', '', '', '', '0', '', '', '', '', '::1', '2016-11-08 21:46:09', '0', '');
INSERT INTO `person` VALUES('768', '67', '0', 'Melinda', 'Kelemen', 'avatar.jpg', '46.7719', '23.5924', '4KugHXVDm', 'XsHqP6HeC', '', 'Kelemen', 'László', '', '', 'Kolozsvár', '', '', '', '', '', '', 'UMF Iuliu Hatieganu Kolozsvár', 'Medic de familie http://medic-de-familie.blogspot.com', '', '', 'https://www.facebook.com/profile.php?id%3D100006317346810', '0', '', '', '', '', '::1', '2016-11-08 21:46:09', '0', '');
INSERT INTO `person` VALUES('769', '67', '0', 'Ildikó', 'Kiss', 'avatar.jpg', '46.7719', '23.5924', 'SnX9zKC5M', '3EzaDQ4z3', '', '', '', '', '', '', '', '', '', '', '', '', '', '', '', '', '', '0', '', '', '', '', '::1', '2016-11-08 21:46:09', '0', '');
INSERT INTO `person` VALUES('770', '67', '0', 'Zsuzsánna-Emese', 'Kiss', 'avatar.jpg', '46.7719', '23.5924', 'eCrfIkP2c', 'bvjZ5U6yg', '', '', '', '', '', '', '', '', '', '', '', '', '', '', '', '', '', '0', '', '', '', '', '::1', '2016-11-08 21:46:09', '0', '');
INSERT INTO `person` VALUES('771', '67', '0', 'Ildikó', 'Kósa', 'avatar.jpg', '46.7719', '23.5924', 'ItLytVPTr', 'NwuNIdaaw', '', '', '', '', '', '', '', '', '', '', '', '', '', '', '', '', '', '0', '', '', '', '', '::1', '2016-11-08 21:46:09', '0', '');
INSERT INTO `person` VALUES('772', '67', '0', 'András', 'Lovász', 'avatar.jpg', '46.7719', '23.5924', '4Ku27PsZz', 'tB22UnqWU', '', '', '', '', '', '', '', '', '', '', '', '', '', '', '', '', '', '0', '', '', '', '', '::1', '2016-11-08 21:46:09', '0', '');
INSERT INTO `person` VALUES('773', '67', '0', 'Mária', 'Málos', 'avatar.jpg', '46.7719', '23.5924', 'vK2xXz4kj', 'z4q3ypkdC', '', '', '', '', '', '', '', '', '', '', '', '', '', '', '', '', '', '0', '', '', '', '', '::1', '2016-11-08 21:46:09', '0', '');
INSERT INTO `person` VALUES('774', '67', '0', 'Zsuzsa', 'Márton', 'avatar.jpg', '46.7719', '23.5924', 'z7XU7D2Ue', 'vt7Px52Sr', '', '', '', '', '', '', '', '', '', '', '', '', '', '', '', '', '', '0', '', '', '', '', '::1', '2016-11-08 21:46:09', '0', '');
INSERT INTO `person` VALUES('775', '67', '0', 'Annamária', 'Gruber', 'avatar.jpg', '49.1124645', '9.737264900000014', 'hf8j2zKwa', 'gZYVLPbBt', '', 'Moldován', 'Oszkár', '', '', 'Schwäbisch Hall', 'Németország', '', '', '', '', '', '', '', '', 'Stefi, Mark', '', '0', '', '', '', '', '::1', '2016-11-08 21:46:09', '0', '');
INSERT INTO `person` VALUES('776', '67', '0', 'Judit', 'Murádin', 'avatar.jpg', '46.7719', '23.5924', 'dFAwauK2a', 'QpGHRDqf3', '', '', '', '', '', '', '', '', '', '', '', '', '', '', '', '', '', '0', '', '', '', '', '::1', '2016-11-08 21:46:09', '0', '');
INSERT INTO `person` VALUES('777', '67', '0', 'Gyöngyi', 'Nagy', 'avatar.jpg', '46.7719', '23.5924', 'dLV6eEKVu', 'xdILhnjpZ', '', '', '', '', '', '', '', '', '', '', '', '', '', '', '', '', '', '0', '', '', '', '', '::1', '2016-11-08 21:46:09', '0', '');
INSERT INTO `person` VALUES('778', '67', '0', 'Kinga Ágnes', 'Páll', 'avatar.jpg', '46.7719', '23.5924', 'c6wqPIaxm', 'zn2sMJjMW', '', '', '', '', '', '', '', '', '', '', '', '', '', '', '', '', '', '0', '', '', '', '', '::1', '2016-11-08 21:46:09', '0', '');
INSERT INTO `person` VALUES('779', '67', '0', 'Barna László', 'Pávai', 'avatar.jpg', '47.497912', '19.04023499999994', 'rHPmBz5cq', 'G5tjE3RXq', '', '', 'Eliana', '', '', 'Budapest', 'Magyarország', '', '', '', '', '', '', '', '', '', 'https://www.facebook.com/pavai.barna', '0', '', '', '', '', '::1', '2016-11-08 21:46:09', '0', '');
INSERT INTO `person` VALUES('780', '67', '0', 'Andrea', 'Péter', 'avatar.jpg', '46.7719', '23.5924', '6nnSJthdL', 'AC9zBMhmu', '', '', '', '', '', '', '', '', '', '', '', '', '', '', '', '', '', '0', '', '', '', '', '::1', '2016-11-08 21:46:09', '0', '');
INSERT INTO `person` VALUES('781', '67', '0', 'Judit', 'Piroska', 'avatar.jpg', '46.7719', '23.5924', 'QHJcZWBzr', 'Q3b5j8xu2', '', '', '', '', '', '', '', '', '', '', '', '', '', '', '', '', '', '0', '', '', '', '', '::1', '2016-11-08 21:46:09', '0', '');
INSERT INTO `person` VALUES('782', '67', '0', 'Péter Zsolt', 'Rázmány', 'avatar.jpg', '46.7719', '23.5924', 'amrAK3wst', 'LPg7jtudy', '', '', 'Izabella', '', '', 'Kolozsvár', '', '', '', '', '', '', '', '', '', '', 'https://www.facebook.com/peter.razmany', '0', '', '', '', '', '::1', '2016-11-08 21:46:09', '0', '');
INSERT INTO `person` VALUES('783', '67', '0', 'Krisztina Éva', 'Schoplocher', 'avatar.jpg', '46.7719', '23.5924', 'wx9unh5DR', '5U2rY5pgQ', '', '', '', '', '', '', '', '', '', '', '', '', '', '', '', '', '', '0', '', '', '', '', '::1', '2016-11-08 21:46:09', '0', '');
INSERT INTO `person` VALUES('784', '67', '0', 'Sándor Attila', 'Szőcs', 'avatar.jpg', '46.7719', '23.5924', 'CWq9tAbKs', 'Qv5UFQkPW', '', '', '', '', '', 'Kolozsvár', '', '', '', '', '', '', 'Bábes Bolyai', '', '', '', 'https://www.facebook.com/profile.php?id', '0', '', '', '', '', '::1', '2016-11-08 21:46:09', '0', '');
INSERT INTO `person` VALUES('785', '67', '0', 'Enikő Gyöngyi', 'Szőke', 'avatar.jpg', '46.7719', '23.5924', 'jevyWXH9L', 'nXaRxXsb5', '', '', '', '', '', '', '', '', '', '', '', '', '', '', '', '', '', '0', '', '', '', '', '::1', '2016-11-08 21:46:09', '0', '');
INSERT INTO `person` VALUES('786', '67', '0', 'Zoltán', 'Tálas', '12B1986/d37-1.jpg', '47.497912', '19.04023499999994', 'b6fvIIPaE', 'UR35MpDDW', '', '', '', '', '', 'Budapest', '', '', '', 'talaszol@gmail.com', '', '', '', '', '', '', '', '1418926814806601', '', '', '', '', '::1', '2016-11-08 21:46:09', '0', '');
INSERT INTO `person` VALUES('787', '67', '0', 'Gábor', 'Teleki', 'avatar.jpg', '46.7719', '23.5924', 'Zxuw3xwny', 'LrCaUnKYS', '', '', '', '', '', '', '', '', '', '', '', '', '', '', '', '', '', '0', '', '', '', '', '::1', '2016-11-08 21:46:09', '0', '');
INSERT INTO `person` VALUES('788', '67', '0', 'Ágnes Katalin', 'Terschánszky', 'avatar.jpg', '46.7719', '23.5924', 'evEgRZCqr', 'PW2bf93pf', '', '', '', '', '', '', '', '', '', '', '', '', '', '', '', '', '', '0', '', '', '', '', '::1', '2016-11-08 21:46:09', '0', '');
INSERT INTO `person` VALUES('789', '67', '0', 'Árpád', 'Török', 'avatar.jpg', '47.68166189999999', '16.584479500000043', 'asszer', 'Rb6Q4h22H', '', '', 'Tünde', '~Besenyő u. 14/B fsz.4', '9400', 'Sopron', 'Magyarország', '~+36/30/6102989', '~+43/676/7893989', 'asszer@gmail.com', '', '', '', '', '', 'Timea, Levente', '', '0', '', '', '', '', '::1', '2016-11-08 21:46:09', '0', '');
INSERT INTO `person` VALUES('790', '67', '0', 'Anna Mária', 'Valczán', 'avatar.jpg', '46.7719', '23.5924', 'CFftsSsz5', 'g33EhnQ3J', '', '', '', '', '', '', '', '', '', '', '', '', '', '', '', '', '', '0', '', '', '', '', '::1', '2016-11-08 21:46:09', '0', '');
INSERT INTO `person` VALUES('791', '67', '0', 'Melinda', 'Wagner', '12B1986/d39-0.jpg', '47.69423159999999', '19.140119000000027', 'UKVjcBnt3', 'wBfSpeYe9', '', '', '', '', '', 'Göd', 'Magyarország', '', '', '', '', '', '', '', '', '', 'https://www.facebook.com/melinda.wagner.338', '0', '', '', '', '', '::1', '2016-11-08 21:46:09', '0', '');
INSERT INTO `person` VALUES('792', '68', '0', 'Melinda', 'Almási', 'avatar.jpg', '46.7719', '23.5924', 'fx9g6PVFE', 'zRkwVaTfb', '', '', '', '', '', '', '', '', '', '', '', '', '', '', '', '', '', '0', '', '', '', '', '::1', '2016-11-08 21:46:10', '0', '');
INSERT INTO `person` VALUES('793', '68', '0', 'Gyöngyi', 'Székely', '12C1986/d17-1.jpg', '46.7719', '23.5924', '97KGMFcuM', 'K7AGmFIyP', '', 'Babrik', '', '', '', 'Kolozsvár', '', '', '', '', '', '', '', 'Plafar http://www.plafar.net', '', '', 'https://www.facebook.com/gyongyi.szekely.50', '0', '', '', '', '', '::1', '2016-11-08 21:46:10', '0', '');
INSERT INTO `person` VALUES('794', '68', '0', 'Erika', 'Baja', 'avatar.jpg', '46.7719', '23.5924', '4CVyvtItS', 'G7NeptdSC', '', '', '', '', '', '', '', '', '', '', '', '', '', '', '', '', '', '0', '', '', '', '', '::1', '2016-11-08 21:46:10', '0', '');
INSERT INTO `person` VALUES('795', '68', '0', 'Emese', 'Bálint', 'avatar.jpg', '56.170303', '14.863072999999986', '2RvsqIMD9', 'dQW973X6E', '', '', '', '', '', 'Karlshamn', 'Svédország', '', '', '', '', '', 'Värnamo Folkhögskola', 'Ursulas Äventyr http://www.ursulasaventyr.com', '', '', 'https://www.facebook.com/emese.balint.92', '0', '', '', '', '', '::1', '2016-11-08 21:46:10', '0', '');
INSERT INTO `person` VALUES('796', '68', '0', 'Zoltán', 'Bálint', '12C1986/d35-0.jpg', '46.7719', '23.5924', 'yau8GUdzA', '8PUmP9mJV', '', '', '', '', '', 'Kolozsvár', '', '', '', '', '', '', '', 'Vitacom Electronics http://www.vitacom.ro/', '', '', 'https://www.facebook.com/zoltan.balogh.106', '0', '', '', '', '', '::1', '2016-11-08 21:46:10', '0', '');
INSERT INTO `person` VALUES('797', '68', '0', 'Zoltán', 'Balogh', 'avatar.jpg', '46.7719', '23.5924', 'mvdGsCYPz', 'XucY3Lzzp', '', '', '', '', '', '', '', '', '', '', '', '', '', '', '', '', '', '0', '', '', '', '', '::1', '2016-11-08 21:46:10', '0', '');
INSERT INTO `person` VALUES('798', '68', '0', 'István', 'Barazsuly', 'avatar.jpg', '46.7719', '23.5924', 'Pzk5HXNBU', 'dSrxcdNg9', '', '', 'Gyöngyvér', '', '', 'Budapest', 'Magyarország', '', '', '', '', '', '', '', '', '', 'https://www.facebook.com/istvan.barazsuly', '0', '', '', '', '', '::1', '2016-11-08 21:46:10', '0', '');
INSERT INTO `person` VALUES('799', '68', '0', 'Gabriella', 'Bartha', 'avatar.jpg', '46.7719', '23.5924', 'XHnuzSutu', 'pXf3Nqbcv', '', '', '', '', '', '', '', '', '', '', '', '', '', '', '', '', '', '0', '', '', '', '', '::1', '2016-11-08 21:46:10', '0', '');
INSERT INTO `person` VALUES('800', '68', '0', 'Réka', 'Batiz', 'avatar.jpg', '46.7719', '23.5924', 'fzqumKbdn', 'r9uGIVMqj', '', '', '', '', '', '', '', '', '', '', '', '', '', '', '', '', '', '0', '', '', '', '', '::1', '2016-11-08 21:46:10', '0', '');
INSERT INTO `person` VALUES('801', '68', '0', 'Judith', 'Béczi', 'avatar.jpg', '46.7719', '23.5924', 'tcWsdQ7Sz', 'cUMbG9BY4', '', '', '', '', '', '', '', '', '', '', '', '', '', '', '', '', '', '0', '', '', '', '', '::1', '2016-11-08 21:46:10', '0', '');
INSERT INTO `person` VALUES('802', '68', '0', 'Ildikó', 'Bereczky', 'avatar.jpg', '46.7719', '23.5924', 'vaC2pT3Ec', 'qVnb7rsaP', '', '', '', '', '', '', '', '', '', '', '', '', '', '', '', '', '', '0', '', '', '', '', '::1', '2016-11-08 21:46:10', '0', '');
INSERT INTO `person` VALUES('803', '68', '0', 'Ildikó', 'Biró', 'avatar.jpg', '46.7719', '23.5924', 'hQrbPjNHf', 'pt5qmIJZV', '', '', '', '', '', '', '', '', '', '', '', '', '', '', '', '', '', '0', '', '', '', '', '::1', '2016-11-08 21:46:10', '0', '');
INSERT INTO `person` VALUES('804', '68', '0', 'Jutka', 'Biró', 'avatar.jpg', '46.7719', '23.5924', 'vHtbLZgtP', '5mGkGwHvw', '', '', '', '', '', 'Dombóvár', '', '', '', '', '', '', '', '', '', '', 'https://www.facebook.com/jutka.igaline', '0', '', '', '', '', '::1', '2016-11-08 21:46:10', '0', '');
INSERT INTO `person` VALUES('805', '68', '0', 'Enikő', 'Czegelyi', 'avatar.jpg', '46.7719', '23.5924', 'YhXzbyTUF', 'W3WBWAXby', '', '', '', '', '', '', '', '', '', '', '', '', '', '', '', '', '', '0', '', '', '', '', '::1', '2016-11-08 21:46:10', '0', '');
INSERT INTO `person` VALUES('806', '68', '0', 'Melinda', 'Dénes', 'avatar.jpg', '46.7719', '23.5924', 'RyPrdMvpZ', 'Ce2ytRGKx', '', '', '', '', '', '', '', '', '', '', '', '', '', '', '', '', '', '0', '', '', '', '', '::1', '2016-11-08 21:46:10', '0', '');
INSERT INTO `person` VALUES('807', '68', '0', 'Irén', 'Gergely', 'avatar.jpg', '46.7719', '23.5924', 'sm8XYATvG', 'njPHBesxB', '', '', '', '', '', '', '', '', '', '', '', '', '', '', '', '', '', '0', '', '', '', '', '::1', '2016-11-08 21:46:10', '0', '');
INSERT INTO `person` VALUES('808', '68', '0', 'Sándor', 'Jakab', 'avatar.jpg', '46.7719', '23.5924', 'Cm7dKrvD4', 'D9zEVeKqI', '', '', '', '', '', '', '', '', '', '', '', '', '', '', '', '', '', '0', '', '', '', '', '::1', '2016-11-08 21:46:10', '0', '');
INSERT INTO `person` VALUES('809', '68', '0', 'Attila', 'Katrinecz', 'avatar.jpg', '46.7719', '23.5924', 'rdzJYygbn', 'jAAqupngR', '', '', '', '', '', '', '', '', '', '', '', '', '', '', '', '', 'https://www.facebook.com/attila6894', '0', '', '', '', '', '::1', '2016-11-08 21:46:10', '0', '');
INSERT INTO `person` VALUES('810', '68', '0', 'György', 'Kilin', 'avatar.jpg', '46.7719', '23.5924', '92sI6Tp6b', 'Qc7fJHYZp', '', '', '', '', '', '', '', '', '', '', '', '', '', '', '', '', '', '0', '', '', '', '', '::1', '2016-11-08 21:46:10', '0', '');
INSERT INTO `person` VALUES('811', '68', '0', 'Csaba', 'Kiss', 'avatar.jpg', '46.7719', '23.5924', 'V6Rbus37P', 'KxZhmwv93', '', '', '', '', '', '', '', '', '', '', '', '', '', '', '', '', '', '0', '', '', '', '', '::1', '2016-11-08 21:46:10', '0', '');
INSERT INTO `person` VALUES('812', '68', '0', 'Csaba', 'Kiss', 'avatar.jpg', '46.7719', '23.5924', '6yfrezWMB', 'skTITfhEa', '', '', '', '', '', '', '', '', '', '', '', '', '', '', '', '', '', '0', '', '', '', '', '::1', '2016-11-08 21:46:10', '0', '');
INSERT INTO `person` VALUES('813', '68', '0', 'Judith', 'Nagy', 'avatar.jpg', '46.7719', '23.5924', '3YSvKYUrR', 'CX7mRZwME', '', '', '', '', '', '', '', '', '', '', '', '', '', '', '', '', '', '0', '', '', '', '', '::1', '2016-11-08 21:46:10', '0', '');
INSERT INTO `person` VALUES('814', '68', '0', 'Mártha', 'Orbán', 'avatar.jpg', '46.7719', '23.5924', '55mfBNSVa', 'h3SwrChk8', '', '', '', '', '', '', '', '', '', '', '', '', '', '', '', '', '', '0', '', '', '', '', '::1', '2016-11-08 21:46:10', '0', '');
INSERT INTO `person` VALUES('815', '68', '0', 'Hajnal', 'Pálffy', 'avatar.jpg', '46.7719', '23.5924', 'xS2S53PQX', 'xvtPKcsec', '', '', '', '', '', '', '', '', '', '', '', '', '', '', '', '', '', '0', '', '', '', '', '::1', '2016-11-08 21:46:10', '0', '');
INSERT INTO `person` VALUES('816', '68', '0', 'Lilla', 'Finta-Peterffy', 'avatar.jpg', '40.0084456', '-75.26045999999997', 'd9CcHwQLd', 'q9qLdmgKv', '', 'Péterffy', '', '', '', 'Narberth, Pennsylvania', 'Amerikai Egyesült Államok', '', '', '', '', '', '', '', '', '', '', '0', '', '', '', '', '::1', '2016-11-08 21:46:10', '0', '');
INSERT INTO `person` VALUES('817', '68', '0', 'Marius', 'Proșteanu', 'avatar.jpg', '46.7719', '23.5924', 'vKXH8t2bA', 'sAAcG5bIt', '', '', '', '', '', '', '', '', '', '', '', '', '', '', '', '', '', '0', '', '', '', '', '::1', '2016-11-08 21:46:10', '0', '');
INSERT INTO `person` VALUES('818', '68', '0', 'Pál', 'Szallós', 'avatar.jpg', '46.7719', '23.5924', 'ygkpsseYp', 'ZrHAqmwyA', '', '', '', '', '', '', '', '', '', '', '', '', '', '', '', '', '', '0', '', '', '', '', '::1', '2016-11-08 21:46:10', '0', '');
INSERT INTO `person` VALUES('819', '68', '0', 'Marika', 'Szatmári', 'avatar.jpg', '46.7719', '23.5924', 'tZEcHZHCx', '8azWwuxFh', '', '', '', '', '', '', '', '', '', '', '', '', '', '', '', '', '', '0', '', '', '', '', '::1', '2016-11-08 21:46:10', '0', '');
INSERT INTO `person` VALUES('820', '68', '0', 'Zoltán', 'Széll', 'avatar.jpg', '59.33124987421871', '18.068580800000063', 'GHbaNXjQ3', 'YjMPp8U3g', '', '', '', '', '', 'Stokholm', 'Svédország', '', '', '', '', '', '', '', '', '', 'https://www.facebook.com/zoltan.szell.716', '0', '', '', '', '', '::1', '2016-11-08 21:46:10', '0', '');
INSERT INTO `person` VALUES('821', '68', '0', 'Mária', 'Szlávits', 'avatar.jpg', '46.7719', '23.5924', 'eRzPTjKbY', 'ktW9eGgE8', '', '', '', '', '', '', '', '', '', '', '', '', '', '', '', '', '', '0', '', '', '', '', '::1', '2016-11-08 21:46:10', '0', '');
INSERT INTO `person` VALUES('822', '68', '0', 'Árpád', 'Török', 'avatar.jpg', '46.7719', '23.5924', 'nMfdQrzvr', 'gGDZxJmvw', '', '', '', '', '', '', '', '', '', '', '', '', '', '', '', '', '', '0', '', '', '', '', '::1', '2016-11-08 21:46:10', '0', '');
INSERT INTO `person` VALUES('823', '68', '0', 'Erzsébet', 'Török', 'avatar.jpg', '46.7719', '23.5924', 'bqIsmTNTJ', '2IGPI7hfE', '', '', '', '', '', '', '', '', '', '', '', '', '', '', '', '', '', '0', '', '', '', '', '::1', '2016-11-08 21:46:10', '0', '');
INSERT INTO `person` VALUES('824', '68', '0', 'Melinda', 'Török', 'avatar.jpg', '46.7719', '23.5924', '4h8N4EDNJ', 'AEYtrxPuP', '', '', '', '', '', '', '', '', '', '', '', '', '', '', '', '', '', '0', '', '', '', '', '::1', '2016-11-08 21:46:10', '0', '');
INSERT INTO `person` VALUES('825', '68', '0', 'Ibolya', 'Varga', 'avatar.jpg', '46.7719', '23.5924', 'WEE5Q6Hqw', 'mdJ9nWmxH', '', '', '', '', '', '', '', '', '', '', '', '', '', '', '', '', '', '0', '', '', '', '', '::1', '2016-11-08 21:46:11', '0', '');
INSERT INTO `person` VALUES('826', '68', '0', 'Krisztina', 'Vásárhelyi', 'avatar.jpg', '46.7719', '23.5924', 'UgxKcnEnd', '67DRBXNyc', '', '', '', '', '', '', '', '', '', '', '', '', '', '', '', '', '', '0', '', '', '', '', '::1', '2016-11-08 21:46:11', '0', '');
INSERT INTO `person` VALUES('827', '68', '0', 'István', 'Veres', 'avatar.jpg', '46.7719', '23.5924', 'SkZBXWwpd', '53xGZ7xYJ', '', '', '', '', '', '', '', '', '', '', '', '', '', '', '', '', '', '0', '', '', '', '', '::1', '2016-11-08 21:46:11', '0', '');
INSERT INTO `person` VALUES('828', '68', '0', 'Attila', 'Vincze', '12C1986/d36-0.jpg', '46.7719', '23.5924', 'FIA5KSJrC', 'EAKWgAfnX', '', '', '', '', '', '', '', '', '', '', '', '', '', '', '', '', 'https://www.facebook.com/attila.vincze.106', '0', '', '', '', '', '::1', '2016-11-08 21:46:11', '0', '');
INSERT INTO `person` VALUES('829', '70', '0', 'Zsolt Attila', 'Cimpian', '12A1992/d4-0.jpg', '46.7719', '23.5924', 'wkem6gMeU', '4rV5I6NT4', '', '', '', '', '', 'Kolozsvár', '', '', '', '', '', '', 'UBB Kolozsvar', 'Hotel Beyfin http://www.hotelbeyfin.com', 'Hotel Manager', '', 'https://www.facebook.com/cimpian.zsoltattila', '0', '', '', '', '', '::1', '2016-10-24 23:34:00', '0', '');
INSERT INTO `person` VALUES('830', '70', '0', 'András Levente', 'Máté', '12A1992/d3-0.jpg', '46.564676', '23.797106299999996', 'IAHn6LAqE', '8EggmZaMP', '', '', 'Erzsébet', '', '', 'Torda', '', '', '', '', '', '', '', '', '', '', 'https://www.facebook.com/andraslevente.mate', '0', '', '', '', '', '::1', '2016-10-24 23:34:00', '0', '');
INSERT INTO `person` VALUES('831', '70', '0', 'Kinga', 'Réthy', '12A1992/d1-0.jpg', '46.7719', '23.5924', 'hFP2s2nzn', 'bDdq4eask', 'guest', '', '', '', '', 'Budapest', 'Magyarország', '', '', '', '', '', 'Leövey Klára Gimnázium Budapest, Caldwell College New Jersey, Central European University Budapest', 'Open Society Foundations', '', '', 'https://www.facebook.com/rethykinga', '0', 'https://twitter.com/krethy', '', '', '', '::1', '2016-10-24 23:34:00', '0', '');
INSERT INTO `person` VALUES('832', '70', '0', 'Levente', 'Réthy', '12A1992/d2-0.jpg', '46.7719', '23.5924', 'ZC2ppKU7u', 'jXev3Zsxr', 'guest', '', '', '', '', 'Budapest', 'Magyarország', '', '', '', '', '', 'Leövey Klára Gimnázium Budapest, Könnyűipari Műszaki Főiskola Budapest', '', '', '', 'https://www.facebook.com/rethy.levente', '0', '', '', '', '', '::1', '2016-10-24 23:34:00', '0', '');
INSERT INTO `person` VALUES('833', '0', '0', 'Vendég', 'Iskola', 'Staf0/d833-256454.jpg', '46.7719', '23.5924', 'guest', 'guest', 'guest', '', '', '', '', 'Kolozsvár', 'Románia', '', '', 'brassai@blue-l.de', 'brassai.blue-l.de', '', 'éretségiztem a Brassai Sámuel líceumban.', '', 'véndiák', '', '', '0', '', '', '', '', '::1', '2016-11-13 15:41:41', '833', '');
INSERT INTO `person` VALUES('834', '0', '0', 'Administrátor', 'System', 'oooooo/d2-0.jpg', '46.7719', '23.5924', 'admin', 'levi1967-kvar', 'admin editor guest', 'Levi', 'Éva', 'Györkönyutca', '', 'Hollókeszi', 'Németország', '', '', 'code@blue-l.de', '', '', '', '', 'Szoftver fejlesztő', '', '', '0', '', '		Ok', '~<p>Csak jót tudok mondani.</p><p><ul><li>Seki</li><li>Semmi</li><li>Sehol</li><li>Soha</li></ul></p>', 'Programm', '192.168.201.40', '2016-12-19 22:52:19', '834', '');
INSERT INTO `person` VALUES('835', '0', '1', 'Sándor', 'Dr. Arkosi', 'oooteac/d2-0.jpg', '46.7719', '23.5924', 'rip', 'rip', 'rip', '', '', '', '', '', '', '', '', '', '', '', '', '', 'Földrajz', '', '', '0', '', '', '', '', '::1', '2016-11-08 21:46:11', '0', '');
INSERT INTO `person` VALUES('836', '0', '1', 'András', 'Benedek', 'oooteac/d19-0.jpg', '46.7719', '23.5924', '3yw48DjR4', 'ygjRxuMjz', '', '', '', '', '', 'Etyek', 'Magyarország', '', '', '', '', '', '', '', 'Gépelemek', '12A1984', 'https://www.facebook.com/andras.benedek.90', '0', '', '', '', '', '::1', '2016-11-08 21:46:11', '0', '');
INSERT INTO `person` VALUES('837', '0', '1', 'Géza', 'Berekméri', 'oooteac/d20-0.jpg', '46.7719', '23.5924', 'nN7daSmIy', 'nArINLw2W', '', '', '', '', '', '', 'Németország', '', '', '', '', '', '', '', 'Testnevelés', '', '', '0', '', '', '', '', '::1', '2016-11-08 21:46:11', '0', '');
INSERT INTO `person` VALUES('838', '0', '1', 'Károly', 'Boda', 'oooteac/d5-0.jpg', '46.7719', '23.5924', 'JEbzWI7sg', 'UXa3HExdQ', '', '', '', '', '', '', '', '', '', '', '', '', '', '', 'Fizika', '', '', '0', '', '', '', '', '::1', '2016-11-08 21:46:11', '0', '');
INSERT INTO `person` VALUES('839', '0', '1', 'György', 'Csalah', 'oooteac/d22-1.jpg', '46.7719', '23.5924', 'uFscabfwz', '7L6kpsjGH', 'rip', '', '', '', '', '', '', '', '', '', '', '', '', '', 'Ének', '', '', '0', '', '', '', '', '::1', '2016-11-08 21:46:11', '0', '');
INSERT INTO `person` VALUES('840', '0', '1', 'György', 'Daly', 'avatar.jpg', '46.7719', '23.5924', '9MX4mNg95', 'eNnpg2Zga', '', '', '', '', '', '', '', '', '', '', '', '', '', '', 'Mechanika', '', '', '0', '', '', '', '', '::1', '2016-11-08 21:46:11', '0', '');
INSERT INTO `person` VALUES('841', '0', '1', 'Gyula', 'Finta', 'oooteac/d7-0.jpg', '46.7719', '23.5924', 'VDYh5uA2p', 'nsXyR3GVc', '', '', '', '', '', '', '', '', '', '', '', '', '', '', 'Matematika', '12B1986', '', '0', '', '', '', '', '::1', '2016-11-08 21:46:11', '0', '');
INSERT INTO `person` VALUES('842', '0', '1', 'Hajnal', 'Finta', 'oooteac/d8-0.jpg', '46.7719', '23.5924', '6Bvcp479W', '5WxPXAXtm', '', '', '', '', '', '', '', '', '', '', '', '', '', '', 'Kézimunka, Rajz', '', '', '0', '', '', '', '', '::1', '2016-11-08 21:46:11', '0', '');
INSERT INTO `person` VALUES('843', '0', '1', 'Dénes', 'Gáll', 'oooteac/d9-0.jpg', '46.7719', '23.5924', 'bJ37ELMRT', '7m594D9rB', 'rip', '', '', '', '', '', '', '', '', '', '', '', '', '', 'Biologia', '', '', '0', '', '', '', '', '::1', '2016-11-08 21:46:11', '0', '');
INSERT INTO `person` VALUES('844', '0', '1', 'György', 'Józsa', 'oooteac/d10-0.jpg', '46.7719', '23.5924', 'AaPLhB4pP', 'sr3r9Nsy9', '', '', '', '', '', 'Kolozsvár', '', '', '', '', '', '', 'Bolyai Egyetem mat-fiz', '', 'Matematika', '', 'https://www.facebook.com/gjozsa1', '0', '', '', '', '', '::1', '2016-11-08 21:46:11', '0', '');
INSERT INTO `person` VALUES('845', '0', '1', 'Lajos', 'Kiss', 'oooteac/d11-0.jpg', '46.7719', '23.5924', 'kdwm8t47A', 'Q9Rk9yTKt', '', '', '', '', '', '', '', '', '', '', '', '', '', '', 'Magyar irodalom', '', '', '0', '', '', '', '', '::1', '2016-11-08 21:46:11', '0', '');
INSERT INTO `person` VALUES('846', '0', '1', 'Jolán', 'Kovács', 'oooteac/d1-0.jpg', '46.7719', '23.5924', 'ZZ6JekgHJ', 'Iw7LqrqHR', '', '', '', '', '', '', '', '', '', '', '', '', '', '', 'Történelem', '12A1981', '', '0', '', '', '', '', '::1', '2016-11-08 21:46:11', '0', '');
INSERT INTO `person` VALUES('847', '0', '1', 'Zoltán', 'Dr. Kovács', 'oooteac/d18-0.jpg', '46.7719', '23.5924', 'jNBjSmTCp', 'DpwknPjfD', '', '', '', '', '', '', '', '', '', '', '', '', '', '', 'Fizika', '', '', '0', '', '', '', '', '::1', '2016-11-08 21:46:11', '0', '');
INSERT INTO `person` VALUES('848', '0', '1', 'András', 'Maczak', 'oooteac/d12-0.jpg', '46.7719', '23.5924', 'Ifzn9t7WB', 'xVp8etpmJ', 'rip', '', '', '', '', '', '', '', '', '', '', '', '', '', 'Történelem', '', '', '0', '', '', '', '', '::1', '2016-11-08 21:46:11', '0', '');
INSERT INTO `person` VALUES('849', '0', '1', 'Mária', 'Dr. Marosi', 'oooteac/d6-0.jpg', '46.7719', '23.5924', 'sCwc5mzdn', 'I49aSukH5', '', '', '', '', '', '', '', '', '', '', '', '', '', '', 'Földrajz', '', '', '0', '', '', '', '', '::1', '2016-11-08 21:46:11', '0', '');
INSERT INTO `person` VALUES('850', '0', '1', 'Zoltán', 'Papp', 'oooteac/d13-0.jpg', '46.7719', '23.5924', 'rYdHJyfHs', 'p7hRea6uM', 'rip', '', '', '', '', '', '', '', '', '', '', '', '', '', 'Kémia', '', '', '0', '', '', '', '', '::1', '2016-11-08 21:46:11', '0', '');
INSERT INTO `person` VALUES('851', '0', '1', 'Zsuzsa', 'Pázmány', 'oooteac/d3-1.jpg', '46.7719', '23.5924', 'EusWCuPJb', 'TBuWQW4R4', 'rip', '', '', '', '', '', '', '', '', '', '', '', '', '', 'Fizika', '', '', '0', '', '', '', '', '::1', '2016-11-08 21:46:11', '0', '');
INSERT INTO `person` VALUES('852', '0', '1', 'Álmos', 'Szabó', 'oooteac/d15-1.jpg', '46.7719', '23.5924', 'dBMSzMkIW', 'IvjybDJ8j', '', '', '', '', '', '', '', '', '', '', '', '', '', '', 'Magyar irodalom', '', '', '0', '', '', '', '', '::1', '2016-11-08 21:46:11', '0', '');
INSERT INTO `person` VALUES('853', '0', '1', 'Ferenc', 'Szölősi', 'oooteac/d16-0.jpg', '46.7719', '23.5924', 'RhXpA3pHe', '4hWtXPWBP', '', '', '', '', '', '', '', '', '', '', '', '', '', '', 'Történelem', '12A1986', '', '0', '', '', '', '', '::1', '2016-11-08 21:46:11', '0', '');
INSERT INTO `person` VALUES('854', '0', '1', 'Ferenc', 'Török', 'oooteac/d17-0.jpg', '46.7719', '23.5924', 'CdBgZnAVg', 'LL8TQAFKq', '', '', '', '', '', '', '', '', '', '', '', '', '', '', '', '', '', '0', '', '', '', '', '::1', '2016-11-08 21:46:11', '0', '');
INSERT INTO `person` VALUES('855', '0', '1', 'Károly', 'Tóth', 'oooteac/d4-0.jpg', '46.7719', '23.5924', 'DZtgmtvpB', 'fUYPQd8eZ', '', '', '', '', '', '', '', '', '', '', '', '', '', '', 'Orosz nyelv', '12B1981,12A1985', '', '0', '', '', '', '', '::1', '2016-11-08 21:46:11', '0', '');
INSERT INTO `person` VALUES('856', '65', '0', 'Ilona', 'Gellért', 'avatar.jpg', '46.7719', '23.5924', 'Gellert_Ilona', 'k5yI35LKK', '', 'Ilike', '', '', '', '~Kolozsvár', '~Románia', '', '~0744-192763', '~gellertili@yahoo.com', '', '~gellertili', 'Müszaki Egyetem Kolozsvár', '~Sucursala Regionala CF Cluj,  Sectia L3 Cluj', '~mérnök', '', '', '0', '', '', '', '', '::1', '2016-11-08 21:46:07', '0', '');
INSERT INTO `person` VALUES('889', '60', '0', 'Anna', 'Levi', '12B1965/d889-47.jpg', '46.7719', '23.5924', 'eDzYU3BVR', 'jsBvFjWuU', '', '', 'a2', 'asd', '', 'Kolozsvar', '', '', '', 'lo@blue-l.de', '', '', '', '', '', '', '', '', '', '', '', '', '::1', '2016-10-27 00:21:19', '892', '');
INSERT INTO `person` VALUES('894', '60', '0', 'Miklós', 'Toldi', '12B1965/d894-47.jpg', '46.7719', '23.5924', 'DcdJ7udzS', 'ZqsRKMhEa', '', 'Okoska', 'Mária', '', '', '', '', '', '', 'asdasd@www.de', '', '', '', '', '', 'Levi', '', '', '', '', '', '', '::1', '2016-11-01 13:12:23', '834', '');
INSERT INTO `person` VALUES('895', '60', '0', 'AAAAA', 'WWWW', '12B1965/d895-47.jpg', '46.7719', '23.5924', 'S7w5uZYVu', 'rICHTefvd', '', '', '', '', '', '', '', '', '', '', '', '', '', '', '', '', '', '', '', '', '', '', '192.168.201.40', '2016-10-27 01:04:44', '', '');
INSERT INTO `person` VALUES('897', '64', '0', 'Gabriella', 'Vincze-Német', 'DIAK_33.GIF', '47.529763621524836', '21.637176275253296', 'gabiv', 'jhg59ft', '', 'Ványolosi', 'Vincze-Német Miklós', '~Baross Gábor u.11 2/7', '~40291', 'Debrecen', 'Magyarország', '', '30-4865676', '~vngaby@freemail.hu', '', '~vngaby', 'Brassai Sámuel Líceum, Kolozsvár', '~Mirage szépségszalon, Debrecen', '~manikür+pedikűr', 'Edit - 1987, Tamás - 1990', 'https://www.facebook.com/profile.php?id=100007949744694', '0', '', '', '~Utols&oacute; &eacute;vben t&ouml;rt&eacute;nt... Az oszi &mdash; azokat, akiknek nem volt bep&oacute;tolva leck&eacute;j&uuml;k &bdquo;pol-gazdb&oacute;l\" &mdash; utols&oacute; &oacute;ra ut&aacute;n be&uuml;ltette a 60-as terembe (6-7 szem&eacute;lyt). Nekem nem kellett mennem, de mivel D&oacute;zsa Ildinek igen, &eacute;n is bek&eacute;rezkedtem, hogy megv&aacute;rjam őt. Az Oszi dikt&aacute;lni kezdett, de egy idő m&uacute;lva &aacute;t kellett mennie rendet rakni a szomsz&eacute;dos oszt&aacute;lyba, ahol lyukas&oacute;ra volt. Ez idő alatt &bdquo;csendben\" ell&oacute;gtunk. M&aacute;snap bej&ouml;tt az egyik &oacute;r&aacute;ra &eacute;s kihirdette a b&uuml;ntet&eacute;st: egy jegy levon&aacute;sa magaviseletből &eacute;s a sz&uuml;lők azonnali berendel&eacute;se. Mindenki sz&oacute;lt, hogy engem ne b&uuml;ntessen, mert nekem ott sem kellett volna lennem. Erre ő megszavaztatta az oszt&aacute;lyt. A szavaz&aacute;s eredm&eacute;nye az volt, hogy ne kapjak semmilyen b&uuml;ntet&eacute;st. Ezt csak r&eacute;szben fogadta el: nem kellett beh&iacute;vnom a sz&uuml;leimet, de a magaviseleti jegyemet lerontotta. Nem b&aacute;ntam, mert j&oacute; po&eacute;n volt, meg&eacute;rte.		', '', '::1', '2016-11-08 21:46:07', '0', '673');
INSERT INTO `person` VALUES('900', '60', '0', 'Pall', 'Peter', '12B1965/d900-343701.jpg', '46.7719', '23.5924', 'yXDArq7Xz', 'NtQrDYPEN', '', 'Ok', '', '', '', '', '', '', '', 'dsfsdf@wwerw.de', '', '', '', '', '', '', '', '', '', '', '', '', '::1', '2016-11-01 22:48:24', '', '');
INSERT INTO `person` VALUES('904', '64', '0', 'Gizella', 'Tamás', 'DIAK_1.GIF', '46.70879427751824', '23.435211181640625', 'Gizu', 'tr12321', '', 'András', 'Sándorka', '~Szőlő út 96', '~407505', 'Tordaszentlászló', 'Románia', '~00-40-748-103623', '', '~tkgizella@yahoo.com', '', '', 'Könyvelöi tanfolyam', 'Poliker Kft., Tordaszentlászló', 'Elökönyvelő', 'Antal-1990, Károly-1992', '', '0', '', '~~<p>Itt dolgozom: http://www.ok.com</p><p>Mailc&iacute;m: asda@asdasd.de</p><p>V&eacute;ge</p>			', '~<p>Egy kedves eml&eacute;kem maradt a legfontosabb k&eacute;zilabda m&eacute;rkőz&eacute;s&uuml;nkről, amit a Brassai H&eacute;ten j&aacute;tszodtunk XI. oszt&aacute;lyban, a Brassai Kupa keret&eacute;ben, persze a h&iacute;res XII. A oszt&aacute;llyal.&nbsp;</p><p>Mialatt Magdi, &Aacute;gi, Edit, Juli meg a t&ouml;bbiek mindent megtettek annak &eacute;rdek&eacute;ben, hogy kij&aacute;tssz&aacute;k azokat a durva, erős l&aacute;nyokat, azalatt &eacute;n a kapuban &aacute;csorogva - de persze vel&uuml;k egy&uuml;tt k&uuml;zdve -lettem figyelmes egy hangra: &bdquo;Hajr&aacute;, Gizi! Hajr&aacute; XI.A!\" A kis Farkas, a Bir&oacute; &Aacute;d&aacute;m &ouml;ccse ord&iacute;tott a h&aacute;l&oacute; m&ouml;g&uuml;l. J&oacute;l esett a biztat&aacute;s.&nbsp;</p><p>A meccset v&eacute;g&uuml;l nagy &ouml;r&ouml;m&uuml;nkre megnyert&uuml;k.</p>', '', '::1', '2016-11-08 21:46:06', '0', '638');
INSERT INTO `person` VALUES('908', '61', '0', 'Peterson', 'Levi', '12A1971/d908-270096.jpg', '46.7719', '23.5924', 'IjB2Ub5ZY', 'zzpT6fNmY', '', '', '', '', '', '', '', '', '', 'peterson@blue-l.de', '', '', '', '', '', '', '', '0', '', '', '', '', '::1', '2016-11-26 21:50:18', '834', '');
INSERT INTO `person` VALUES('910', '77', '0', 'tttttttttttttttttt', 'Teszt', '11B1951/d910-402262.jpg', '46.7719', '23.5924', 'UBP4rdN9M', 'CtJb2BYwp', '', '', '', '', '', '', '', '', '', '', '', '', '', '', '', '', '', '', '', '', '', '', '192.168.201.40', '2016-11-27 02:13:23', '', '');
INSERT INTO `person` VALUES('913', '0', '0', 'Peter', 'Vendég', 'avatar.jpg', '46.7719', '23.5924', 'vendeg', 'vendeg', 'guest', '', '', '', '', '', '', '', '', 'kalev@gmx.net', '', '', '', '', '', '', '', '0', '', '', '', '', '::1', '2016-12-15 13:21:01', '834', '');
INSERT INTO `person` VALUES('914', '0', '0', 'Levi', 'Vend&eacute;g', 'avatar.jpg', '46.7719', '23.5924', '8IKc8BQJz', 'E5xbLQXqm', 'guest', '', '', '', '', '', '', '', '', 'kl@dsdf.de', '', '', '', '', '', '', '', '', '', '', '', '', '192.168.201.40', '2016-12-04 18:50:00', '834', '');
INSERT INTO `person` VALUES('915', '0', '0', '&Eacute;vike', 'Vendég', 'avatar.jpg', '46.7719', '23.5924', 'Ypbx8dGYk', 'XvJEPDXTe', 'guest', '', '', '', '', '', '', '', '', 'kovzoli7@yahoo.com', '', '', '', '', '', '', '', '', '', '', '', '', '192.168.201.40', '2016-12-04 19:22:00', '834', '');
INSERT INTO `person` VALUES('917', '64', '0', 'Sándor', 'Kali', 'DIAK_18.GIF', '46.7746933066876', '23.591980934143066', 'Sanyi', '12kzfdxy', '', '', 'Enikö', '~Mihai Viteazul tér 22-23/1/7', '~138414', '~Kolozsvár', 'Románia', '~0040 94 620544', '~', 'pp@tonilne.de', '~', '~kalisanyi', 'Kolozsvári Müszaki Egyetem - kohászmérnök', 'Euroheating KFT, Kolozsvár', 'sales manager', 'Zsofia - 2002', 'https://www.facebook.com/sandor.kali.7', '2147483647', '', '', '~Utols&oacute; &eacute;vben t&ouml;rt&eacute;nt... Az oszi &mdash; azokat, akiknek nem volt bep&oacute;tolva leck&eacute;j&uuml;k &bdquo;pol-gazdb&oacute;l\" &mdash; utols&oacute; &oacute;ra ut&aacute;n be&uuml;ltette a 60-as terembe (6-7 szem&eacute;lyt). Nekem nem kellett mennem, de mivel D&oacute;zsa Ildinek igen, &eacute;n is bek&eacute;rezkedtem, hogy megv&aacute;rjam őt. Az Oszi dikt&aacute;lni kezdett, de egy idő m&uacute;lva &aacute;t kellett mennie rendet rakni a szomsz&eacute;dos oszt&aacute;lyba, ahol lyukas&oacute;ra volt. Ez idő alatt &bdquo;csendben\" ell&oacute;gtunk. M&aacute;snap bej&ouml;tt az egyik &oacute;r&aacute;ra &eacute;s kihirdette a b&uuml;ntet&eacute;st: egy jegy levon&aacute;sa magaviseletből &eacute;s a sz&uuml;lők azonnali berendel&eacute;se. Mindenki sz&oacute;lt, hogy engem ne b&uuml;ntessen, mert nekem ott sem kellett volna lennem. Erre ő megszavaztatta az oszt&aacute;lyt. A szavaz&aacute;s eredm&eacute;nye az volt, hogy ne kapjak semmilyen b&uuml;ntet&eacute;st. Ezt csak r&eacute;szben fogadta el: nem kellett beh&iacute;vnom a sz&uuml;leimet, de a magaviseleti jegyemet lerontotta. Nem b&aacute;ntam, mert j&oacute; po&eacute;n volt, meg&eacute;rte.&nbsp;		', '', '192.168.201.40', '2016-12-04 21:17:42', '', '657');
DROP TABLE `picture`;
CREATE TABLE `picture` (  `id` int(11) NOT NULL AUTO_INCREMENT,  `personID` int(11) DEFAULT NULL,  `schoolID` int(11) DEFAULT NULL,  `classID` int(11) DEFAULT NULL,  `file` varchar(255) DEFAULT NULL,  `isVisibleForAll` int(11) DEFAULT NULL,  `title` varchar(145) DEFAULT NULL,  `comment` varchar(8196) DEFAULT NULL,  `isDeleted` int(11) DEFAULT NULL,  `uploadDate` datetime DEFAULT NULL,  `changeDate` datetime DEFAULT NULL,  `changeIP` varchar(45) DEFAULT NULL,  `changeUserID` int(11) DEFAULT NULL,  `changeForID` int(11) DEFAULT NULL,  PRIMARY KEY (`id`)) ENGINE=InnoDB AUTO_INCREMENT=86 DEFAULT CHARSET=utf8;
INSERT INTO `picture` VALUES('11', '589', '', '', './images/12A1971/p101-2.jpg', '0', 'Tenger', 'Kalappal a tengeren Kalappal a tengerenKalappal a tengerenKalappal a tengerenKalappal a tengeren', '0', '', '2016-12-15 20:06:44', '::1', '913', '');
INSERT INTO `picture` VALUES('12', '589', '', '', './images/12A1971/p101-3.jpg', '0', '', 'M&eacute;lyen', '0', '', '2016-11-27 02:10:19', '::1', '834', '');
INSERT INTO `picture` VALUES('13', '589', '', '', './images/12A1971/p101-4.jpg', '0', 'Besz&eacute;lgetnek', 'Ketten', '0', '', '2016-12-15 20:08:54', '::1', '913', '');
INSERT INTO `picture` VALUES('17', '594', '', '', './images/12B1981/p2-0.jpg', '0', '', '', '0', '', '2016-11-08 21:46:05', '::1', '0', '');
INSERT INTO `picture` VALUES('18', '658', '', '', './images/12A1985/p21-0.jpg', '1', 'Levi', '', '1', '', '2016-11-27 15:54:09', '::1', '834', '');
INSERT INTO `picture` VALUES('19', '658', '', '', './images/12A1985/p21-1.jpg', '0', '', '', '0', '', '2016-11-08 21:46:07', '::1', '0', '');
INSERT INTO `picture` VALUES('20', '658', '', '', './images/12A1985/p21-2.jpg', '0', '', '', '0', '', '2016-11-08 21:46:07', '::1', '0', '');
INSERT INTO `picture` VALUES('26', '241', '', '', './images/staf0/p241-26.jpg', '1', '', '', '1', '2016-10-21 20:32:52', '2016-10-21 21:26:59', '::1', '0', '');
INSERT INTO `picture` VALUES('27', '241', '', '', './images/staf0/p241-27.jpg', '1', '', '', '0', '2016-10-21 21:11:27', '', '', '0', '');
INSERT INTO `picture` VALUES('32', '', '', '64', './images/12A1985/c-32.jpg', '1', 'K&eacute;p', 'K&eacute;t ember', '0', '2016-10-21 23:42:51', '2016-11-24 19:54:25', '::1', '834', '');
INSERT INTO `picture` VALUES('34', '70', '', '', './images/12A1985/p70-34.jpg', '1', '', '', '0', '2016-10-22 01:24:05', '', '', '0', '');
INSERT INTO `picture` VALUES('35', '315', '', '', './images/12B1965/p315-35.jpg', '1', '', '', '0', '2016-10-23 18:37:46', '', '', '0', '');
INSERT INTO `picture` VALUES('36', '657', '', '', './images/12A1985/p20-0.jpg', '0', '', '', '0', '', '2016-10-24 23:33:46', '::1', '0', '');
INSERT INTO `picture` VALUES('38', '691', '', '', './images/12B1985/p3-1.jpg', '0', '', '', '0', '', '2016-10-24 23:33:50', '::1', '0', '');
INSERT INTO `picture` VALUES('40', '851', '', '', './images/oooteac/p3-2.jpg', '0', '', '', '0', '', '2016-10-24 23:34:00', '::1', '0', '');
INSERT INTO `picture` VALUES('41', '852', '', '', './images/oooteac/p15-2.jpg', '0', '', '', '0', '', '2016-10-24 23:34:00', '::1', '0', '');
INSERT INTO `picture` VALUES('46', '691', '', '', './images/12B1985/p3-0.jpg', '0', '', '', '0', '', '2016-10-24 23:33:50', '::1', '0', '');
INSERT INTO `picture` VALUES('47', '834', '', '', './images/Staf0/p834-47.jpg', '1', 'tabló', '', '0', '2016-11-01 23:03:15', '2016-12-19 22:57:29', '192.168.201.40', '834', '');
INSERT INTO `picture` VALUES('48', '638', '', '', './images/12A1985/p638-48.jpg', '1', '', '', '0', '2016-11-07 23:33:19', '2016-11-07 23:33:25', '::1', '834', '');
INSERT INTO `picture` VALUES('49', '833', '', '', '/images/Staf0/p833-49.jpg', '1', '', '', '1', '2016-11-13 15:42:40', '2016-11-13 16:05:55', '::1', '833', '');
INSERT INTO `picture` VALUES('50', '833', '', '', 'images/Staf0/p833-50.jpg', '1', '', '', '1', '2016-11-13 16:06:47', '2016-11-13 16:07:01', '::1', '833', '');
INSERT INTO `picture` VALUES('51', '', '', '63', 'images/12A1984/c-51.jpg', '0', 'C&iacute;m', 'Tesztelem a lehet&ouml;s&eacute;geket.', '1', '2016-11-13 16:15:51', '2016-11-13 19:03:15', '::1', '834', '');
INSERT INTO `picture` VALUES('52', '', '', '63', 'images/12A1984/c-52.jpg', '1', 'Ez a masik nagyon sz&eacute;p k&eacute;p', 'Nagyon j&oacute; mert ilyen sz&eacute;p k&eacute;pek is l&eacute;teznek. Nagyon j&oacute; mert ilyen sz&eacute;p k&eacute;pek is l&eacute;teznek.Nagyon j&oacute; mert ilyen sz&eacute;p k&eacute;pek is l&eacute;teznek.Nagyon j&oacute; mert ilyen sz&eacute;p k&eacute;pek is l&eacute;teznek.Nagyon j&oacute; mert ilyen sz&eacute;p k&eacute;pek is l&eacute;teznek.Nagyon j&oacute; mert ilyen sz&eacute;p k&eacute;pek is l&eacute;teznek.Nagyon j&oacute; mert ilyen sz&eacute;p k&eacute;pek is l&eacute;teznek.OK Test', '0', '2016-11-13 16:19:30', '2016-11-13 18:55:21', '::1', '834', '');
INSERT INTO `picture` VALUES('53', '', '', '63', 'images/12A1984/c-53.jpg', '1', 'Handshake', '', '0', '2016-11-13 16:31:05', '2016-11-13 19:04:18', '::1', '834', '');
INSERT INTO `picture` VALUES('54', '599', '', '', 'images/12A1984/p599-54.jpg', '1', '', '', '0', '2016-11-13 19:03:57', '2016-11-13 19:04:07', '::1', '834', '');
INSERT INTO `picture` VALUES('55', '834', '', '', 'images/Staf0/p834-55.jpg', '1', 'Kutya', '', '0', '2016-11-15 11:59:01', '2016-12-19 22:57:15', '192.168.201.40', '834', '');
INSERT INTO `picture` VALUES('61', '', '', '64', 'images/12A1985/c-61.jpg', '0', 'Csoport', 'K&eacute;pecske Localhost', '0', '2016-11-25 00:16:32', '2016-11-26 22:39:12', '::1', '834', '');
INSERT INTO `picture` VALUES('62', '', '', '82', 'images/12A1985/c-62.jpg', '1', 'Tabl&oacute;', 'AAAA', '0', '2016-11-25 00:21:41', '2016-11-25 00:23:43', '192.168.201.40', '', '');
INSERT INTO `picture` VALUES('63', '589', '', '', './images/12A1971/p101-3.jpg', '0', 'Alszik', 'M&eacute;lyen szem&uuml;veggel askjhdajshd ajhd asjhd asjhld ashjldas ljdhas ldjhas ldjhal asdljhas dla ljashd asljhd a M&eacute;lyen szem&uuml;veggel askjhdajshd ajhd asjhd asjhld ashjldas ljdhas ldjhas ldjhal asdljhas dla ljashd asljhd aM&eacute;lyen szem&uuml;veggel askjhdajshd ajhd asjhd asjhld ashjldas ljdhas ldjhas ldjhal asdljhas dla ljashd asljhd aM&eacute;lyen szem&uuml;veggel askjhdajshd ajhd asjhd asjhld ashjldas ljdhas ldjhas ldjhal asdljhas dla ljashd asljhd aM&eacute;lyen szem&uuml;veggel askjhdajshd ajhd asjhd asjhld ashjldas ljdhas ldjhas ldjhal asdljhas dla ljashd asljhd aM&eacute;lyen szem&uuml;veggel askjhdajshd ajhd asjhd asjhld ashjldas ljdhas ldjhas ldjhal asdljhas dla ljashd asljhd aM&eacute;lyen szem&uuml;veggel askjhdajshd ajhd asjhd asjhld ashjldas ljdhas ldjhas ldjhal asdljhas dla ljashd asljhd aM&eacute;lyen szem&uuml;veggel askjhdajshd ajhd asjhd asjhld ashjldas ljdhas ldjhas ldjhal asdljhas dla ljashd asljhd a', '0', '', '2016-12-15 20:06:21', '::1', '913', '12');
INSERT INTO `picture` VALUES('68', '908', '', '', 'images/12A1971/c-68.jpg', '0', '&Eacute;rdekes k&eacute;p', 'Valamilyen rajz valamir&ouml;l', '0', '2016-11-26 21:51:26', '2016-11-26 21:52:00', '::1', '834', '');
INSERT INTO `picture` VALUES('70', '', '', '64', 'images/12A1985/c-70.jpg', '1', '192.168.201.40', '', '0', '2016-11-26 22:37:33', '2016-11-26 22:37:59', '192.168.201.40', '', '');
INSERT INTO `picture` VALUES('72', '', '', '64', 'images/12A1985/c-72.jpg', '1', 'Tabló 1985', 'Egy pár <b>golyó</b>', '0', '2016-11-26 22:51:21', '2016-12-19 22:50:35', '192.168.201.40', '834', '');
INSERT INTO `picture` VALUES('74', '', '1', '', 'images/12A1985/c-74.jpg', '1', 'Kombasz', '', '0', '2016-11-26 23:39:43', '2016-12-15 23:34:51', '::1', '', '');
INSERT INTO `picture` VALUES('81', '', '1', '', 'images/12A1985/c-81.jpg', '1', '', '', '1', '2016-11-27 15:37:20', '2016-11-27 15:37:29', '::1', '', '');
INSERT INTO `picture` VALUES('82', '', '1', '', 'images/12A1985/c-82.jpg', '1', '', '', '1', '2016-11-27 15:38:40', '2016-11-27 15:38:47', '::1', '', '');
INSERT INTO `picture` VALUES('83', '589', '', '', 'images/12A1971/c-83.jpg', '1', 'Levente', 'K&eacute;k', '0', '2016-12-16 00:00:47', '2016-12-16 00:01:05', '::1', '834', '');
INSERT INTO `picture` VALUES('84', '589', '', '', './images/12A1971/p101-4.jpg', '0', 'Besz&eacute;lgetnek', 'Ketten besz&eacute;lnek', '0', '', '2016-12-16 00:23:50', '::1', '', '13');
INSERT INTO `picture` VALUES('85', '', '', '64', 'images/12A1985/c-85.jpg', '1', 'Tabló 12B', '', '0', '2016-12-18 22:59:07', '2016-12-23 23:01:02', '::1', '834', '');
DROP TABLE `request`;
CREATE TABLE `request` (  `id` int(11) NOT NULL AUTO_INCREMENT,  `ip` varchar(45) DEFAULT NULL,  `typeID` int(11) DEFAULT NULL,  `date` datetime DEFAULT NULL,  PRIMARY KEY (`id`)) ENGINE=InnoDB AUTO_INCREMENT=192 DEFAULT CHARSET=utf8;
INSERT INTO `request` VALUES('22', '192.168.201.40', '0', '2016-11-01 20:05:47');
INSERT INTO `request` VALUES('23', '192.168.201.40', '0', '2016-11-01 20:05:51');
INSERT INTO `request` VALUES('56', '::1', '1', '2016-11-01 21:22:24');
INSERT INTO `request` VALUES('57', '::1', '1', '2016-11-01 21:22:24');
INSERT INTO `request` VALUES('127', '::1', '3', '2016-11-01 21:56:36');
INSERT INTO `request` VALUES('128', '::1', '3', '2016-11-01 21:56:36');
INSERT INTO `request` VALUES('129', '::1', '3', '2016-11-01 21:56:40');
INSERT INTO `request` VALUES('130', '::1', '3', '2016-11-01 21:56:40');
INSERT INTO `request` VALUES('131', '::1', '3', '2016-11-01 21:56:48');
INSERT INTO `request` VALUES('132', '::1', '3', '2016-11-01 21:56:48');
INSERT INTO `request` VALUES('133', '::1', '3', '2016-11-01 21:59:05');
INSERT INTO `request` VALUES('134', '::1', '3', '2016-11-01 21:59:05');
INSERT INTO `request` VALUES('135', '::1', '3', '2016-11-01 21:59:10');
INSERT INTO `request` VALUES('136', '::1', '3', '2016-11-01 21:59:10');
INSERT INTO `request` VALUES('137', '::1', '3', '2016-11-01 21:59:14');
INSERT INTO `request` VALUES('138', '::1', '3', '2016-11-01 21:59:14');
INSERT INTO `request` VALUES('139', '::1', '3', '2016-11-01 22:02:56');
INSERT INTO `request` VALUES('145', '::1', '2', '2016-11-01 22:44:12');
INSERT INTO `request` VALUES('146', '::1', '3', '2016-11-01 22:45:31');
INSERT INTO `request` VALUES('147', '::1', '2', '2016-11-01 22:46:30');
INSERT INTO `request` VALUES('148', '::1', '3', '2016-11-01 22:48:24');
INSERT INTO `request` VALUES('149', '::1', '0', '2016-11-01 22:54:10');
INSERT INTO `request` VALUES('150', '::1', '3', '2016-11-08 20:08:13');
INSERT INTO `request` VALUES('151', '::1', '3', '2016-11-08 20:12:39');
INSERT INTO `request` VALUES('152', '::1', '0', '2016-11-08 21:46:40');
INSERT INTO `request` VALUES('153', '::1', '0', '2016-11-08 23:14:04');
INSERT INTO `request` VALUES('154', '::1', '0', '2016-11-08 23:14:11');
INSERT INTO `request` VALUES('155', '::1', '0', '2016-11-09 00:08:53');
INSERT INTO `request` VALUES('156', '::1', '0', '2016-11-09 00:08:56');
INSERT INTO `request` VALUES('157', '::1', '0', '2016-11-09 01:03:48');
INSERT INTO `request` VALUES('158', '::1', '0', '2016-11-13 16:37:39');
INSERT INTO `request` VALUES('159', '::1', '3', '2016-11-15 23:02:58');
INSERT INTO `request` VALUES('160', '::1', '2', '2016-11-15 23:03:21');
INSERT INTO `request` VALUES('161', '::1', '3', '2016-11-22 22:07:03');
INSERT INTO `request` VALUES('162', '192.168.201.40', '3', '2016-11-22 23:53:16');
INSERT INTO `request` VALUES('163', '::1', '6', '2016-11-25 00:14:59');
INSERT INTO `request` VALUES('164', '::1', '2', '2016-11-25 00:16:32');
INSERT INTO `request` VALUES('165', '192.168.201.40', '2', '2016-11-25 00:21:41');
INSERT INTO `request` VALUES('166', '::1', '4', '2016-11-25 00:27:44');
INSERT INTO `request` VALUES('167', '::1', '4', '2016-11-26 21:10:37');
INSERT INTO `request` VALUES('168', '::1', '4', '2016-11-26 21:11:02');
INSERT INTO `request` VALUES('169', '::1', '2', '2016-11-26 21:15:56');
INSERT INTO `request` VALUES('170', '::1', '4', '2016-11-26 22:33:03');
INSERT INTO `request` VALUES('171', '192.168.201.40', '2', '2016-11-26 22:37:33');
INSERT INTO `request` VALUES('172', '192.168.201.40', '4', '2016-11-26 22:37:59');
INSERT INTO `request` VALUES('173', '::1', '4', '2016-11-26 22:39:12');
INSERT INTO `request` VALUES('174', '192.168.201.40', '2', '2016-11-26 22:51:21');
INSERT INTO `request` VALUES('175', '::1', '2', '2016-11-26 23:38:29');
INSERT INTO `request` VALUES('176', '::1', '2', '2016-11-26 23:39:43');
INSERT INTO `request` VALUES('177', '::1', '4', '2016-11-26 23:40:04');
INSERT INTO `request` VALUES('178', '192.168.201.40', '3', '2016-11-27 01:15:09');
INSERT INTO `request` VALUES('179', '192.168.201.40', '3', '2016-11-27 02:13:16');
INSERT INTO `request` VALUES('180', '192.168.201.40', '2', '2016-11-27 02:13:23');
INSERT INTO `request` VALUES('181', '::1', '2', '2016-11-27 15:24:54');
INSERT INTO `request` VALUES('182', '::1', '4', '2016-11-27 15:26:02');
INSERT INTO `request` VALUES('183', '::1', '2', '2016-11-27 15:27:11');
INSERT INTO `request` VALUES('184', '::1', '2', '2016-11-27 15:37:20');
INSERT INTO `request` VALUES('185', '::1', '6', '2016-11-27 15:37:29');
INSERT INTO `request` VALUES('186', '::1', '2', '2016-11-27 15:38:40');
INSERT INTO `request` VALUES('187', '::1', '6', '2016-11-27 15:38:47');
INSERT INTO `request` VALUES('188', '::1', '4', '2016-12-15 23:34:51');
INSERT INTO `request` VALUES('189', '::1', '4', '2016-12-16 00:23:50');
INSERT INTO `request` VALUES('190', '::1', '2', '2016-12-18 22:59:07');
INSERT INTO `request` VALUES('191', '::1', '4', '2016-12-18 22:59:22');
DROP TABLE `school`;
CREATE TABLE `school` (  `id` int(11) NOT NULL,  `name` varchar(145) DEFAULT NULL,  `nameGiver` text,  `history` text,  `phone` varchar(45) DEFAULT NULL,  `mail` varchar(145) DEFAULT NULL,  `homepage` varchar(245) DEFAULT NULL,  `addressCity` varchar(145) DEFAULT NULL,  `addressCountry` varchar(145) DEFAULT NULL,  `addressZipCode` varchar(45) DEFAULT NULL,  `addressStreet` varchar(45) DEFAULT NULL,  `changeDate` datetime DEFAULT NULL,  `changeIP` varchar(45) DEFAULT NULL,  `changeUserID` int(11) DEFAULT NULL,  `changeForID` int(11) DEFAULT NULL,  PRIMARY KEY (`id`)) ENGINE=InnoDB DEFAULT CHARSET=utf8 COMMENT='School';
INSERT INTO `school` VALUES('1', 'Brassai Sámuel liceum', 'Brassai Sámuel', 'A liceum története', '+40 264-596159', '', 'http://www.brassai.ro', 'Kolozsvar', 'Romania', '400105', 'Bd. 21 Decembrie 1989 nr.7', '', '', '', '');
DROP TABLE `song`;
CREATE TABLE `song` (  `id` int(11) NOT NULL AUTO_INCREMENT,  `interpretID` int(11) DEFAULT NULL,  `name` varchar(245) DEFAULT NULL,  `video` varchar(245) DEFAULT NULL,  `link` varchar(245) DEFAULT NULL,  `changeDate` datetime DEFAULT NULL,  `changeIP` varchar(45) DEFAULT NULL,  `changeUserID` int(11) DEFAULT NULL,  `changeForID` int(11) DEFAULT NULL,  PRIMARY KEY (`id`)) ENGINE=InnoDB AUTO_INCREMENT=3053 DEFAULT CHARSET=utf8 COMMENT='Songs';
INSERT INTO `song` VALUES('2847', '3398', ' I Wanna Dance With Somebody', 'eH3giaIzONA', '\r\n', '2016-10-26 23:24:13', '::1', '0', '');
INSERT INTO `song` VALUES('2848', '3363', '220 felett', '', '\r\n', '2016-10-26 23:24:13', '::1', '0', '');
INSERT INTO `song` VALUES('2849', '3397', 'A világ közepén', 'EmDE7J8ld2g', '\r\n', '2016-10-26 23:24:13', '::1', '0', '');
INSERT INTO `song` VALUES('2850', '3345', 'Ahogy lesz, úgy lesz', 'YaMUlL_Uxgk', '\r\n', '2016-10-26 23:24:13', '::1', '0', '');
INSERT INTO `song` VALUES('2851', '3295', 'All That She Wants', 'SjJwqDa1QVI', '\r\n', '2016-10-26 23:24:13', '::1', '0', '');
INSERT INTO `song` VALUES('2852', '3347', 'All The Lovers', 'ekPRAeHc-L4', '\r\n', '2016-10-26 23:24:13', '::1', '0', '');
INSERT INTO `song` VALUES('2853', '3367', 'Another Day In Paradise ', 'oFBT8_XbGqg', '\r\n', '2016-10-26 23:24:13', '::1', '0', '');
INSERT INTO `song` VALUES('2854', '3293', 'Anyám, Ha Szeretsz ', 'mI-oerL9_Js', 'http://www.100folkcelsius.hu/\r\n', '2016-10-26 23:24:13', '::1', '0', '');
INSERT INTO `song` VALUES('2855', '3321', 'Arrivederci Amore', 'CTjNhH4V0Rk', 'http://www.dollyroll.hu/\r\n', '2016-10-26 23:24:13', '::1', '0', '');
INSERT INTO `song` VALUES('2856', '3361', 'Azért vannak a jó barátok', 'JHJyJ9xYEFA', '\r\n', '2016-10-26 23:24:13', '::1', '0', '');
INSERT INTO `song` VALUES('2857', '3365', 'Babylon', '1YnOG9zv2tY', '\r\n', '2016-10-26 23:24:13', '::1', '0', '');
INSERT INTO `song` VALUES('2858', '3334', 'Bad Boys', 'V2EOzaEWsyo', '\r\n', '2016-10-26 23:24:13', '::1', '0', '');
INSERT INTO `song` VALUES('2859', '3326', 'Balla Balla', 'sl2At5A9SJ4', '\r\n', '2016-10-26 23:24:13', '::1', '0', '');
INSERT INTO `song` VALUES('2860', '3371', 'Ballag a katona', 'QkEhfOiR-QI', 'http://www.rgo.hu\r\n', '2016-10-26 23:24:13', '::1', '0', '');
INSERT INTO `song` VALUES('2861', '3357', 'Billie Jean', 'o3OB7B-Dwok', '\r\n', '2016-10-26 23:24:13', '::1', '0', '');
INSERT INTO `song` VALUES('2862', '3403', 'Bla Bla Bla ', 'qrsuiD2y3c0', '\r\n', '2016-10-26 23:24:13', '::1', '0', '');
INSERT INTO `song` VALUES('2863', '3340', 'Blah blah blah', 'YqRtMTq4vzI', '\r\n', '2016-10-26 23:24:13', '::1', '0', '');
INSERT INTO `song` VALUES('2864', '3347', 'Can&Apos;nt get you out of my head', 'haoCgGzS0wY', '\r\n', '2016-10-26 23:24:13', '::1', '0', '');
INSERT INTO `song` VALUES('2865', '3392', 'Can&Apos;t Help Falling In Love With You', 'qCfAmkvuXP8', '\r\n', '2016-10-26 23:24:13', '::1', '0', '');
INSERT INTO `song` VALUES('2866', '3306', 'Captain Jack', 'CUvg7Empjfg', '\r\n', '2016-10-26 23:24:13', '::1', '0', '');
INSERT INTO `song` VALUES('2867', '3333', 'Casino Twist', 'Ec7p1Wiqjf0', '\r\n', '2016-10-26 23:24:13', '::1', '0', '');
INSERT INTO `song` VALUES('2868', '3320', 'Celebration', 'CD2-N9CjOEI', '\r\n', '2016-10-26 23:24:13', '::1', '0', '');
INSERT INTO `song` VALUES('2869', '3294', 'Chiquitita', 'e9OK3KIgvtM', '\r\n', '2016-10-26 23:24:13', '::1', '0', '');
INSERT INTO `song` VALUES('2870', '3333', 'Ciao, Marina ', 'g7VH7kqjnAs', '\r\n', '2016-10-26 23:24:13', '::1', '0', '');
INSERT INTO `song` VALUES('2871', '3360', 'Coco Jambo', 'cOrc37wNUqU', '\r\n', '2016-10-26 23:24:13', '::1', '0', '');
INSERT INTO `song` VALUES('2872', '3372', 'Cotton Eye Joe', 'XDdlHmzIdn8', '\r\n', '2016-10-26 23:24:13', '::1', '0', '');
INSERT INTO `song` VALUES('2873', '3297', 'Crazy', 'LGM5GkINMMI', '\r\n', '2016-10-26 23:24:13', '::1', '0', '');
INSERT INTO `song` VALUES('2874', '3297', 'Cryin', 'iF3NCeIDXIM', '\r\n', '2016-10-26 23:24:13', '::1', '0', '');
INSERT INTO `song` VALUES('2875', '3325', 'Csavard Fel A Szõnyeget ', 'LKyEAHifc24', '\r\n', '2016-10-26 23:24:13', '::1', '0', '');
INSERT INTO `song` VALUES('2876', '3333', 'Csókkirály', 'a4pQSCVBJSM', '\r\n', '2016-10-26 23:24:13', '::1', '0', '');
INSERT INTO `song` VALUES('2877', '3294', 'Dancing Queen', 'ctzIEjjOfd4', 'http://www.abbasite.com/\r\n', '2016-10-26 23:24:13', '::1', '0', '');
INSERT INTO `song` VALUES('2878', '3364', 'Daylight in your eyes', 'Tkb1JGxswfY', '\r\n', '2016-10-26 23:24:13', '::1', '0', '');
INSERT INTO `song` VALUES('2879', '3317', 'Dinamit A Vérem', 'QQM8gC3SWb4', 'http://www.zeneszoveg.hu/dalszoveg/10993/dinamit/dinamit-a-verem-zeneszoveg.html\r\n', '2016-10-26 23:24:13', '::1', '0', '');
INSERT INTO `song` VALUES('2880', '3377', 'Dolce Vita', '08ImZiX1zVc', '\r\n', '2016-10-26 23:24:13', '::1', '0', '');
INSERT INTO `song` VALUES('2881', '3312', 'Don&Apos;t dream its over ', 'VHjT3CHvg-c', '\r\n', '2016-10-26 23:24:13', '::1', '0', '');
INSERT INTO `song` VALUES('2882', '3381', 'Don&Apos;t Play Your Rock&Apos;n Roll To Me', 'Jn8uerEbRBE', '\r\n', '2016-10-26 23:24:13', '::1', '0', '');
INSERT INTO `song` VALUES('2883', '3333', 'Duci Juci', 'jH1AiYq91h4', '\r\n', '2016-10-26 23:24:13', '::1', '0', '');
INSERT INTO `song` VALUES('2884', '3361', 'Egyszer véget ér', '-ZVQmLWS5ls', '\r\n', '2016-10-26 23:24:13', '::1', '0', '');
INSERT INTO `song` VALUES('2885', '3316', 'Enjoy The Silence', 'V7eR7AqvUkI', '\r\n', '2016-10-26 23:24:13', '::1', '0', '');
INSERT INTO `song` VALUES('2886', '3348', 'Especially for You', 'pOpdzS0CY8M', '\r\n', '2016-10-26 23:24:13', '::1', '0', '');
INSERT INTO `song` VALUES('2887', '3325', 'Eszelõs Szerelem ', '3ebCVVfb6uc', '\r\n', '2016-10-26 23:24:13', '::1', '0', '');
INSERT INTO `song` VALUES('2888', '3305', 'Everything I Do, I Do It For You', 'vFD2gu007dc', '\r\n', '2016-10-26 23:24:13', '::1', '0', '');
INSERT INTO `song` VALUES('2889', '3376', 'Fading Like A Flower', '8fGLiIvKKys', '\r\n', '2016-10-26 23:24:13', '::1', '0', '');
INSERT INTO `song` VALUES('2890', '3298', 'Felicita', 'Q0wZQbK938Y', '\r\n', '2016-10-26 23:24:13', '::1', '0', '');
INSERT INTO `song` VALUES('2891', '3294', 'Fernando', '4ohr4P8E_io', '\r\n', '2016-10-26 23:24:13', '::1', '0', '');
INSERT INTO `song` VALUES('2892', '3343', 'Fiatalon nem jó szépet szeretni', 'hSqPBc8TFyM', '\r\n', '2016-10-26 23:24:13', '::1', '0', '');
INSERT INTO `song` VALUES('2893', '3309', 'Fight For This Love', 'C7BcGa0nGgk', '\r\n', '2016-10-26 23:24:13', '::1', '0', '');
INSERT INTO `song` VALUES('2894', '3369', 'Georgie', '-qLyg6We8Tk', '\r\n', '2016-10-26 23:24:13', '::1', '0', '');
INSERT INTO `song` VALUES('2895', '3323', 'Gimme Hope Jo&Apos;anna Live ', 'eD9uly_SKVA', '\r\n', '2016-10-26 23:24:13', '::1', '0', '');
INSERT INTO `song` VALUES('2896', '3311', 'Girls just want to have fun', 'BZSr3ff1rv0', '\r\n', '2016-10-26 23:24:13', '::1', '0', '');
INSERT INTO `song` VALUES('2897', '3404', 'Gyertyák', 'PNOjEH6N9m4', '\r\n', '2016-10-26 23:24:13', '::1', '0', '');
INSERT INTO `song` VALUES('2898', '3380', 'Gypsy', 'qrbtrOdytJ8', '\r\n', '2016-10-26 23:24:13', '::1', '0', '');
INSERT INTO `song` VALUES('2899', '3365', 'Gyöngyhajú lány', 'CGt-rTDkMcM', '\r\n', '2016-10-26 23:24:13', '::1', '0', '');
INSERT INTO `song` VALUES('2900', '3404', 'Gépnek születtem ', 'bTTgD7jX_So', '\r\n', '2016-10-26 23:24:13', '::1', '0', '');
INSERT INTO `song` VALUES('2901', '3356', 'Gólya, gólya hosszúlábú gólya', 'pnTE9ISF9CQ', '\r\n', '2016-10-26 23:24:13', '::1', '0', '');
INSERT INTO `song` VALUES('2902', '3345', 'Ha én rózsa volnék', '6ojhBoj8bP8', '\r\n', '2016-10-26 23:24:13', '::1', '0', '');
INSERT INTO `song` VALUES('2903', '3295', 'Happy Nation', 'HWjCStB6k4o', '\r\n', '2016-10-26 23:24:13', '::1', '0', '');
INSERT INTO `song` VALUES('2904', '3388', 'Head over heels', 'VWJPa0bvWnM', '\r\n', '2016-10-26 23:24:13', '::1', '0', '');
INSERT INTO `song` VALUES('2905', '3296', 'Hello', 'YQHsXMglC9A', '\r\n', '2016-10-26 23:24:13', '::1', '0', '');
INSERT INTO `song` VALUES('2906', '3363', 'Holnap hajnalig', 'DQZHfXhbO5A', '\r\n', '2016-10-26 23:24:13', '::1', '0', '');
INSERT INTO `song` VALUES('2907', '3363', 'Hosszú az a nap', 'yXEBsLvbFP4', '\r\n', '2016-10-26 23:24:13', '::1', '0', '');
INSERT INTO `song` VALUES('2908', '3390', 'Hotel California', 'WMcjdyKWNsQ', '\r\n', '2016-10-26 23:24:13', '::1', '0', '');
INSERT INTO `song` VALUES('2909', '3300', 'How Deep Is Your Love', '0vgwk8tUT5k', '\r\n', '2016-10-26 23:24:13', '::1', '0', '');
INSERT INTO `song` VALUES('2910', '3328', 'I Can&Apos;t Dance-Genesis ', 'UoSU0BoEUQM', '\r\n', '2016-10-26 23:24:13', '::1', '0', '');
INSERT INTO `song` VALUES('2911', '3294', 'I Do I Do I Do I Do I Do', 'PjgxxeA83FQ', '\r\n', '2016-10-26 23:24:13', '::1', '0', '');
INSERT INTO `song` VALUES('2912', '3294', 'I Have A Dream', 'IX79VxZ5j4g', 'http://www.abbasite.com/\r\n', '2016-10-26 23:24:13', '::1', '0', '');
INSERT INTO `song` VALUES('2913', '3384', 'I Just Called To Say I Love You', 'XxoBaEQGMPo', '\r\n', '2016-10-26 23:24:13', '::1', '0', '');
INSERT INTO `song` VALUES('2914', '3327', 'I Like Chopin', 'grGjD1rTNyg', '\r\n', '2016-10-26 23:24:13', '::1', '0', '');
INSERT INTO `song` VALUES('2915', '3347', 'I Should Be So Lucky', 'krHVUjniaps', '\r\n', '2016-10-26 23:24:13', '::1', '0', '');
INSERT INTO `song` VALUES('2916', '3342', 'I was made for loving you', 'q7fxN3g5sLw', '\r\n', '2016-10-26 23:24:13', '::1', '0', '');
INSERT INTO `song` VALUES('2917', '3367', 'I Wish It Would Rain Down', 'jZcoFzHIo0M', '\r\n', '2016-10-26 23:24:13', '::1', '0', '');
INSERT INTO `song` VALUES('2918', '3403', 'I &Apos;ll fly with you - L&Apos;amour Toujours', 'yey3JWKMlcE', '\r\n', '2016-10-26 23:24:13', '::1', '0', '');
INSERT INTO `song` VALUES('2919', '3313', 'I&Apos;m Alive ', 'WFbF4j-y3ZY', '\r\n', '2016-10-26 23:24:13', '::1', '0', '');
INSERT INTO `song` VALUES('2920', '3308', 'If I could turn back time ', 'AAbcwqM7TGo', '\r\n', '2016-10-26 23:24:13', '::1', '0', '');
INSERT INTO `song` VALUES('2921', '3317', 'Igazság', 'a1evKw7JmLo', '\r\n', '2016-10-26 23:24:13', '::1', '0', '');
INSERT INTO `song` VALUES('2922', '3306', 'Iko Iko', '5_8IifQjYuI', '\r\n', '2016-10-26 23:24:13', '::1', '0', '');
INSERT INTO `song` VALUES('2923', '3401', 'Ilyenek voltunk', 'H24NOQHnpMM', '\r\n', '2016-10-26 23:24:13', '::1', '0', '');
INSERT INTO `song` VALUES('2924', '3383', 'In The Army Now', 'ObntvRcKMrE', '\r\n', '2016-10-26 23:24:13', '::1', '0', '');
INSERT INTO `song` VALUES('2925', '3333', 'Isztambul ', 'Pfpdt74MDJw', '\r\n', '2016-10-26 23:24:13', '::1', '0', '');
INSERT INTO `song` VALUES('2926', '3376', 'It Must Have Been Love', 'k2C5TjS2sh4', '\r\n', '2016-10-26 23:24:13', '::1', '0', '');
INSERT INTO `song` VALUES('2927', '3331', 'It started with a kiss', 'HM_Ge9AZZec', '\r\n', '2016-10-26 23:24:13', '::1', '0', '');
INSERT INTO `song` VALUES('2928', '3370', 'Its a kind of magic', 'NLxN0wpFoP8', '\r\n', '2016-10-26 23:24:13', '::1', '0', '');
INSERT INTO `song` VALUES('2929', '3314', 'Just A Gigolo', 'jTpUIW4oQ2E', '\r\n', '2016-10-26 23:24:13', '::1', '0', '');
INSERT INTO `song` VALUES('2930', '3330', 'Játszom', 'NhgiAuSUBCc', '\r\n', '2016-10-26 23:24:13', '::1', '0', '');
INSERT INTO `song` VALUES('2931', '3307', 'Jég dupla whiskyvel', '2peI7Cz2yb0', '\r\n', '2016-10-26 23:24:13', '::1', '0', '');
INSERT INTO `song` VALUES('2932', '3345', 'Jöjj kedvesem', 'ahma7wz5P1o', '\r\n', '2016-10-26 23:24:13', '::1', '0', '');
INSERT INTO `song` VALUES('2933', '3362', 'Júlia nem akar a földön járni', '-RIEqVfah2Q', 'http://www.napoleonboulevard.hu/\r\n', '2016-10-26 23:24:13', '::1', '0', '');
INSERT INTO `song` VALUES('2934', '3341', 'Kids In America', 'pKpObNMeeSY', '\r\n', '2016-10-26 23:24:13', '::1', '0', '');
INSERT INTO `song` VALUES('2935', '3317', 'Külvárosban születtem', 'CJG6t98lBvc', '\r\n', '2016-10-26 23:24:13', '::1', '0', '');
INSERT INTO `song` VALUES('2936', '3355', 'La Isla Bonita', 'tdeOtiA5qmE', '\r\n', '2016-10-26 23:24:13', '::1', '0', '');
INSERT INTO `song` VALUES('2937', '3299', 'Lady in black', 'tM_1swMfgcg', '\r\n', '2016-10-26 23:24:13', '::1', '0', '');
INSERT INTO `song` VALUES('2938', '3310', 'Lady in Red', 'ejxFeS47OZ8', '\r\n', '2016-10-26 23:24:13', '::1', '0', '');
INSERT INTO `song` VALUES('2939', '3356', 'Lakodalom van a mi utcánkba', 'fE_Deudsj40', '\r\n', '2016-10-26 23:24:13', '::1', '0', '');
INSERT INTO `song` VALUES('2940', '3338', 'Lambada', '5AfTl5Vg73A', '\r\n', '2016-10-26 23:24:13', '::1', '0', '');
INSERT INTO `song` VALUES('2941', '3356', 'Lemegyek a pince fenekére', 'wR5I-po_kFs', '\r\n', '2016-10-26 23:24:13', '::1', '0', '');
INSERT INTO `song` VALUES('2942', '3359', 'Like A Lady', 'NKcAyMngxik', '\r\n', '2016-10-26 23:24:13', '::1', '0', '');
INSERT INTO `song` VALUES('2943', '3333', 'Limbo Hintó ', 'haPLxloxnCU', '\r\n', '2016-10-26 23:24:13', '::1', '0', '');
INSERT INTO `song` VALUES('2944', '3376', 'Listen To Your Heart', 'yCC_b5WHLX0', '\r\n', '2016-10-26 23:24:13', '::1', '0', '');
INSERT INTO `song` VALUES('2945', '3381', 'Living Next Door To Alice', 'NKNfb13vcDI', '\r\n', '2016-10-26 23:24:13', '::1', '0', '');
INSERT INTO `song` VALUES('2946', '3370', 'Living On My Own', 'bTYNW8UmcQI', '\r\n', '2016-10-26 23:24:13', '::1', '0', '');
INSERT INTO `song` VALUES('2947', '3389', 'Lollipop ', '9-DuC0tE7V4', '\r\n', '2016-10-26 23:24:13', '::1', '0', '');
INSERT INTO `song` VALUES('2948', '3371', 'Létezem', 'ww4muZV8FMY', 'http://www.rgo.hu\r\n', '2016-10-26 23:24:13', '::1', '0', '');
INSERT INTO `song` VALUES('2949', '3353', 'Macarena', 'sN62PAKoBfE', '\r\n', '2016-10-26 23:24:13', '::1', '0', '');
INSERT INTO `song` VALUES('2950', '3344', 'Mambo Italiano', 'tFBQpnpNb28', '\r\n', '2016-10-26 23:24:13', '::1', '0', '');
INSERT INTO `song` VALUES('2951', '3354', 'Mambo Number 5', 'kN8xSicecp8', '\r\n', '2016-10-26 23:24:13', '::1', '0', '');
INSERT INTO `song` VALUES('2952', '3379', 'Marie Marie', 'fIV73t2FpOg', '\r\n', '2016-10-26 23:24:13', '::1', '0', '');
INSERT INTO `song` VALUES('2953', '3379', 'Megamix', 'eC-hB_5L0uA', '\r\n', '2016-10-26 23:24:13', '::1', '0', '');
INSERT INTO `song` VALUES('2954', '3333', 'Meghalok, hogyha rám nézel', 'SiwtAyv5hGo', '\r\n', '2016-10-26 23:24:13', '::1', '0', '');
INSERT INTO `song` VALUES('2955', '3343', 'Meglépett Piroska', 'dRUD33JWYMM', '\r\n', '2016-10-26 23:24:13', '::1', '0', '');
INSERT INTO `song` VALUES('2956', '3371', 'Megy a lány', 'E87b3R7zZKo', 'http://www.rgo.hu\r\n', '2016-10-26 23:24:13', '::1', '0', '');
INSERT INTO `song` VALUES('2957', '3333', 'Micsoda Buli ', 'FRdaOJbXPeg', '\r\n', '2016-10-26 23:24:13', '::1', '0', '');
INSERT INTO `song` VALUES('2958', '3369', 'Mississippi', 'Lbi2i0j0k9M', '\r\n', '2016-10-26 23:24:13', '::1', '0', '');
INSERT INTO `song` VALUES('2959', '3351', 'Miénk itt a tér', 'KDwKaQQT90I', '\r\n', '2016-10-26 23:24:13', '::1', '0', '');
INSERT INTO `song` VALUES('2960', '3321', 'Modern románc', 'I9Rhc7_EoMs', 'http://www.dollyroll.hu/\r\n', '2016-10-26 23:24:13', '::1', '0', '');
INSERT INTO `song` VALUES('2961', '3344', 'Mond kis kócos', 'O9KN8H8d_Wg', '\r\n', '2016-10-26 23:24:13', '::1', '0', '');
INSERT INTO `song` VALUES('2962', '3294', 'Money Money Money', 'xmujxC8G1TQ', '\r\n', '2016-10-26 23:24:13', '::1', '0', '');
INSERT INTO `song` VALUES('2963', '3346', 'Most kéne abbahagyni', 'yk9Jgc6G-DE', '\r\n', '2016-10-26 23:24:13', '::1', '0', '');
INSERT INTO `song` VALUES('2964', '3333', 'Multimilliomos Jazzdobos', 'p7yhgOSIdOA', '\r\n', '2016-10-26 23:24:13', '::1', '0', '');
INSERT INTO `song` VALUES('2965', '3313', 'My Heart Will Go On', 'zmbw8OycJrE', '\r\n', '2016-10-26 23:24:13', '::1', '0', '');
INSERT INTO `song` VALUES('2966', '3351', 'Neked írom a dalt', 'KIpGuoIw4nA', '\r\n', '2016-10-26 23:24:13', '::1', '0', '');
INSERT INTO `song` VALUES('2967', '3343', 'Nincsen hibád!', 'xv1GqGphNXE', '\r\n', '2016-10-26 23:24:13', '::1', '0', '');
INSERT INTO `song` VALUES('2968', '3382', 'Nothing&Apos;s gonna stop us now', '', '\r\n', '2016-10-26 23:24:13', '::1', '0', '');
INSERT INTO `song` VALUES('2969', '3293', 'Ohio', 'kAJRN6mt1g8', '\r\n', '2016-10-26 23:24:13', '::1', '0', '');
INSERT INTO `song` VALUES('2970', '3302', 'Old Time Rock N&Apos; Roll', 'SsSVcRYh8dE', '\r\n', '2016-10-26 23:24:13', '::1', '0', '');
INSERT INTO `song` VALUES('2971', '3398', 'One Moment In Time', 'tYFHAvULvJ0', '\r\n', '2016-10-26 23:24:13', '::1', '0', '');
INSERT INTO `song` VALUES('2972', '3391', 'Papa Chico ', 'eE_QOL7vop0', '\r\n', '2016-10-26 23:24:13', '::1', '0', '');
INSERT INTO `song` VALUES('2973', '3313', 'Parler à mon père', '_LTsjwiTN7w', '\r\n', '2016-10-26 23:24:13', '::1', '0', '');
INSERT INTO `song` VALUES('2974', '3344', 'Pesti gigolo', 'bvOl4qh6-jM', '\r\n', '2016-10-26 23:24:13', '::1', '0', '');
INSERT INTO `song` VALUES('2975', '3365', 'Petróleum lámpa', '4szfWQ7Sspg', '\r\n', '2016-10-26 23:24:13', '::1', '0', '');
INSERT INTO `song` VALUES('2976', '3349', 'Poker Face', 'JuPnQpgrf_E', 'http://www.ladygaga.com\r\n', '2016-10-26 23:24:13', '::1', '0', '');
INSERT INTO `song` VALUES('2977', '3332', 'Power of Love', 'TxdYq7o306o', '\r\n', '2016-10-26 23:24:13', '::1', '0', '');
INSERT INTO `song` VALUES('2978', '3320', 'Pray', 'iKF2_qrjBWw', '\r\n', '2016-10-26 23:24:13', '::1', '0', '');
INSERT INTO `song` VALUES('2979', '3316', 'Precious', 'ikzYX9KBI4A', '\r\n', '2016-10-26 23:24:13', '::1', '0', '');
INSERT INTO `song` VALUES('2980', '3385', 'Push The Button', 'ZO2JabccTBk', '\r\n', '2016-10-26 23:24:13', '::1', '0', '');
INSERT INTO `song` VALUES('2981', '3370', 'Radio Ga Ga', 'LncAQR47eZo', '\r\n', '2016-10-26 23:24:13', '::1', '0', '');
INSERT INTO `song` VALUES('2982', '3303', 'Rasputin', 'o7rPKT36mK4', '\r\n', '2016-10-26 23:24:13', '::1', '0', '');
INSERT INTO `song` VALUES('2983', '3339', 'Requiem', 'r8pYAKM25Hc', '\r\n', '2016-10-26 23:24:13', '::1', '0', '');
INSERT INTO `song` VALUES('2984', '3320', 'Respect Yourself', '3lAFVwacesI', '\r\n', '2016-10-26 23:24:13', '::1', '0', '');
INSERT INTO `song` VALUES('2985', '3375', 'Rude Boy', 'vKkA4U4zlOk', '\r\n', '2016-10-26 23:24:13', '::1', '0', '');
INSERT INTO `song` VALUES('2986', '3366', 'Rush Rush', '0IPbMVLZX6g', '\r\n', '2016-10-26 23:24:13', '::1', '0', '');
INSERT INTO `song` VALUES('2987', '3375', 'Russian roulette ', 'YdRDyIXfDgw', '\r\n', '2016-10-26 23:24:13', '::1', '0', '');
INSERT INTO `song` VALUES('2988', '3397', 'Régi nyár', 'JrxkkDZ8vfE', '\r\n', '2016-10-26 23:24:13', '::1', '0', '');
INSERT INTO `song` VALUES('2989', '3373', 'Sara Perche Ti Amo', 'yCvUOBGpk6Y', '\r\n', '2016-10-26 23:24:13', '::1', '0', '');
INSERT INTO `song` VALUES('2990', '3350', 'Sattelite', 'esTVVjpTzIY', '\r\n', '2016-10-26 23:24:13', '::1', '0', '');
INSERT INTO `song` VALUES('2991', '3352', 'Say you say me', 'we0mk_J0zyc', '\r\n', '2016-10-26 23:24:13', '::1', '0', '');
INSERT INTO `song` VALUES('2992', '3324', 'Se bastasse una canzone', 'wElETEdE7NA', '\r\n', '2016-10-26 23:24:13', '::1', '0', '');
INSERT INTO `song` VALUES('2993', '3320', 'Secretes Of Love', 'hKNLwM1NllU', '\r\n', '2016-10-26 23:24:13', '::1', '0', '');
INSERT INTO `song` VALUES('2994', '3298', 'Sempre Sempre', 'G25exVFwweU', '\r\n', '2016-10-26 23:24:13', '::1', '0', '');
INSERT INTO `song` VALUES('2995', '3378', 'Send me an Angel', '0LdSHWMVn2k', '\r\n', '2016-10-26 23:24:13', '::1', '0', '');
INSERT INTO `song` VALUES('2996', '3298', 'Sharazan', 'CNql2t5hW2M', '\r\n', '2016-10-26 23:24:13', '::1', '0', '');
INSERT INTO `song` VALUES('2997', '3388', 'Shout Us Remix', 'VxnLP4qseyA', '\r\n', '2016-10-26 23:24:13', '::1', '0', '');
INSERT INTO `song` VALUES('2998', '3376', 'Spending My Time', 'eG0IYV6G0I0', '\r\n', '2016-10-26 23:24:13', '::1', '0', '');
INSERT INTO `song` VALUES('2999', '3378', 'Still Loving You', 'Pep6nREBpS8', '\r\n', '2016-10-26 23:24:13', '::1', '0', '');
INSERT INTO `song` VALUES('3000', '3366', 'Straight Up ', 'C5U2cQJbIas', '\r\n', '2016-10-26 23:24:13', '::1', '0', '');
INSERT INTO `song` VALUES('3001', '3308', 'Strong Enough', 'HaJug-QBKVM', '\r\n', '2016-10-26 23:24:13', '::1', '0', '');
INSERT INTO `song` VALUES('3002', '3294', 'Super trooper', 'uRSl9ysa6-c', '\r\n', '2016-10-26 23:24:13', '::1', '0', '');
INSERT INTO `song` VALUES('3003', '3301', 'Sweet Sixteen', '0EsN9BUHOKI', '\r\n', '2016-10-26 23:24:13', '::1', '0', '');
INSERT INTO `song` VALUES('3004', '3336', 'S\'wing the moodé', 'cIOPS05GMBI', '\r\n', '2016-10-26 23:24:13', '::1', '0', '');
INSERT INTO `song` VALUES('3005', '3371', 'Szerelmes vagyok, mint egy nagy ágyú', 'VJYLpKiJxaE', 'http://www.rgo.hu\r\n', '2016-10-26 23:24:13', '::1', '0', '');
INSERT INTO `song` VALUES('3006', '3400', 'Szeress úgy is, ha rossz vagyok', '_Z7b85q0q84', '\r\n', '2016-10-26 23:24:13', '::1', '0', '');
INSERT INTO `song` VALUES('3007', '3294', 'Thank You For The Music', '4069PUk3aM0', '\r\n', '2016-10-26 23:24:13', '::1', '0', '');
INSERT INTO `song` VALUES('3008', '3335', 'The Power Of Love', 'Lr0xJBsVbZY', '\r\n', '2016-10-26 23:24:13', '::1', '0', '');
INSERT INTO `song` VALUES('3009', '3357', 'They Don&Apos;t Care About Us ', 'MM8dwh_Kde4', '\r\n', '2016-10-26 23:24:13', '::1', '0', '');
INSERT INTO `song` VALUES('3010', '3340', 'Tik Tok', 'Pohatsq8K7Q', '\r\n', '2016-10-26 23:24:13', '::1', '0', '');
INSERT INTO `song` VALUES('3011', '3311', 'Time After Time ', 'SlykYu5QOkM', 'http://www.cyndilauper.com/\r\n', '2016-10-26 23:24:13', '::1', '0', '');
INSERT INTO `song` VALUES('3012', '3319', 'Time of my Life', 'WpmILPAcRQo', '\r\n', '2016-10-26 23:24:13', '::1', '0', '');
INSERT INTO `song` VALUES('3013', '3337', 'To All The Girls I&Apos;ve Loved Before', 'tOifaUXPk4g', '\r\n', '2016-10-26 23:24:13', '::1', '0', '');
INSERT INTO `song` VALUES('3014', '3304', 'Total Eclipse of the Heart', 'IgRfvWAZw5w', '\r\n', '2016-10-26 23:24:13', '::1', '0', '');
INSERT INTO `song` VALUES('3015', '3387', 'Twist in my Sobriety', 'sJdgSRzv8wE', '\r\n', '2016-10-26 23:24:13', '::1', '0', '');
INSERT INTO `song` VALUES('3016', '3344', 'Táncoló fekete lakkcipõk ', 'lfa_XQPBeS0', 'http://hu.wikipedia.org/wiki/Kom%C3%A1r_L%C3%A1szl%C3%B3\r\n', '2016-10-26 23:24:13', '::1', '0', '');
INSERT INTO `song` VALUES('3017', '3362', 'Uram, segíts', 'DY-Fz_FhS38', 'http://www.napoleonboulevard.hu/\r\n', '2016-10-26 23:24:13', '::1', '0', '');
INSERT INTO `song` VALUES('3018', '3386', 'Utazás', '_u-KeWaf7W8', '\r\n', '2016-10-26 23:24:13', '::1', '0', '');
INSERT INTO `song` VALUES('3019', '3321', 'Vakáció', 'N8kOB2hvcos', 'http://www.dollyroll.hu/\r\n', '2016-10-26 23:24:13', '::1', '0', '');
INSERT INTO `song` VALUES('3020', '3345', 'Valahol egy lány', 'dZmA8MPpxCw', '\r\n', '2016-10-26 23:24:13', '::1', '0', '');
INSERT INTO `song` VALUES('3021', '3325', 'Várni Rád Egy Éjen Át', 'TSPAaAEd6PU', '\r\n', '2016-10-26 23:24:13', '::1', '0', '');
INSERT INTO `song` VALUES('3022', '3321', 'Végleg a szívügyem maradtál ', 'L9CyNQRAvnc', '\r\n', '2016-10-26 23:24:13', '::1', '0', '');
INSERT INTO `song` VALUES('3023', '3395', 'Vén Európa, az öreg hölgy', 'BeSCX85w4P0', '\r\n', '2016-10-26 23:24:13', '::1', '0', '');
INSERT INTO `song` VALUES('3024', '3318', 'Walk of life', 'VEItqA1QUW4', '\r\n', '2016-10-26 23:24:13', '::1', '0', '');
INSERT INTO `song` VALUES('3025', '3370', 'We are the champions', 'VEItqA1QUW4', 'http://www.queenonline.com/\r\n', '2016-10-26 23:24:13', '::1', '0', '');
INSERT INTO `song` VALUES('3026', '3378', 'Wind Of Change', 'PUUGfs3s_4Y', 'http://www.the-scorpions.com\r\n', '2016-10-26 23:24:13', '::1', '0', '');
INSERT INTO `song` VALUES('3027', '3321', 'Wind Szörny', 'wXxpmPT7zb8', 'http://www.dollyroll.hu/\r\n', '2016-10-26 23:24:13', '::1', '0', '');
INSERT INTO `song` VALUES('3028', '3396', 'Woodpeckers from space ', '3Qo1__kbwrA', 'http://en.wikipedia.org/wiki/VideoKids\r\n', '2016-10-26 23:24:13', '::1', '0', '');
INSERT INTO `song` VALUES('3029', '3299', 'You are woman', 'Xh_1pYNabc0', '\r\n', '2016-10-26 23:24:13', '::1', '0', '');
INSERT INTO `song` VALUES('3030', '3341', 'You Came', 'RqCLGWz9-SE', '\r\n', '2016-10-26 23:24:13', '::1', '0', '');
INSERT INTO `song` VALUES('3031', '3379', 'You Drive Me Crazy', 'Yliimc9aIbo', '\r\n', '2016-10-26 23:24:13', '::1', '0', '');
INSERT INTO `song` VALUES('3032', '3300', 'You Win Again', 'pAeLIyO1n9I', '\r\n', '2016-10-26 23:24:13', '::1', '0', '');
INSERT INTO `song` VALUES('3033', '3358', 'You&Apos;re my heart You&Apos;re my soul ', 'MWITX9bJD5U', '\r\n', '2016-10-26 23:24:13', '::1', '0', '');
INSERT INTO `song` VALUES('3034', '3340', 'Your love is my drug', 'umFouH_4Yuw', '\r\n', '2016-10-26 23:24:13', '::1', '0', '');
INSERT INTO `song` VALUES('3035', '3321', 'Ábrándos szép napok', 'pADXe3JHuRo', 'http://www.dollyroll.hu/\r\n', '2016-10-26 23:24:13', '::1', '0', '');
INSERT INTO `song` VALUES('3036', '3344', 'Ó, csak a hajnal jönne már', '0TiAF9QRaMU', '\r\n', '2016-10-26 23:24:13', '::1', '0', '');
INSERT INTO `song` VALUES('3037', '3322', 'A kör', 'xUBjPAgP0UE', 'http://www.edda.hu/\r\n', '2016-10-24 23:33:41', '::1', '0', '');
INSERT INTO `song` VALUES('3038', '3322', 'Elhagyom a várost', 'Uifyuifn-us', 'http://www.edda.hu/\r\n', '2016-10-26 23:24:13', '::1', '0', '');
INSERT INTO `song` VALUES('3039', '3322', 'Erdély felé', 'dOOc9vzQ2yY', '\r\n', '2016-10-26 23:24:13', '::1', '0', '');
INSERT INTO `song` VALUES('3040', '3322', 'Fémszívû fiú', 'dWjzQ341yec', 'http://www.edda.hu/\r\n', '2016-10-26 23:24:13', '::1', '0', '');
INSERT INTO `song` VALUES('3041', '3322', 'Lelkünkbõl', 'xLJhd0QBilM', 'http://www.edda.hu/\r\n', '2016-10-26 23:24:13', '::1', '0', '');
INSERT INTO `song` VALUES('3042', '3322', 'Nekem nem kell más', 'wAqacu-GbBg', 'http://www.edda.hu/\r\n', '2016-10-26 23:24:13', '::1', '0', '');
INSERT INTO `song` VALUES('3043', '3322', 'Oh, azok az éjszakák', 'KR9FXhshIJE', 'http://www.edda.hu/\r\n', '2016-10-26 23:24:13', '::1', '0', '');
INSERT INTO `song` VALUES('3044', '3322', 'Szálljunk fel!', 'O342iUVhJIs', 'http://www.edda.hu/\r\n', '2016-10-26 23:24:13', '::1', '0', '');
INSERT INTO `song` VALUES('3045', '3322', 'Égek felé kiáltottam', '2lmas7LY5UU', '\r\n', '2016-10-26 23:24:13', '::1', '0', '');
INSERT INTO `song` VALUES('3046', '3322', 'A kör', 'xUBjPAgP0UE', 'http://www.edda.hu/\r\n', '2016-10-26 23:24:13', '::1', '0', '');
INSERT INTO `song` VALUES('3050', '3317', 'Tinédzser dal', 'sNWUNPg6tzY', '', '2016-11-14 23:58:17', '::1', '834', '');
INSERT INTO `song` VALUES('3051', '3405', 'Big Moon', '98798798789', '', '2016-11-15 00:01:41', '::1', '834', '');
INSERT INTO `song` VALUES('3052', '3333', 'Hotelmenthol', 'VjBefVAKmIM', '', '2016-11-18 00:15:00', '::1', '834', '');
DROP TABLE `songvote`;
CREATE TABLE `songvote` (  `id` int(11) NOT NULL AUTO_INCREMENT,  `personID` int(11) DEFAULT NULL,  `songID` int(11) DEFAULT NULL,  `changeDate` datetime DEFAULT NULL,  `changeIP` varchar(45) DEFAULT NULL,  `changeUserID` int(11) DEFAULT NULL,  `changeForID` int(11) DEFAULT NULL,  PRIMARY KEY (`id`)) ENGINE=InnoDB AUTO_INCREMENT=7416 DEFAULT CHARSET=utf8 COMMENT='Song Votes';
INSERT INTO `songvote` VALUES('7161', '638', '2969', '2016-10-24 23:33:43', '::1', '0', '');
INSERT INTO `songvote` VALUES('7162', '638', '2869', '2016-10-24 23:33:43', '::1', '0', '');
INSERT INTO `songvote` VALUES('7163', '638', '2903', '2016-10-24 23:33:43', '::1', '0', '');
INSERT INTO `songvote` VALUES('7164', '638', '2994', '2016-10-24 23:33:43', '::1', '0', '');
INSERT INTO `songvote` VALUES('7165', '638', '2885', '2016-10-26 23:24:16', '::1', '0', '');
INSERT INTO `songvote` VALUES('7167', '638', '3026', '2016-10-26 23:24:16', '::1', '0', '');
INSERT INTO `songvote` VALUES('7168', '639', '2877', '2016-10-26 23:24:16', '::1', '0', '');
INSERT INTO `songvote` VALUES('7169', '639', '2912', '2016-10-26 23:24:16', '::1', '0', '');
INSERT INTO `songvote` VALUES('7170', '639', '2890', '2016-10-26 23:24:16', '::1', '0', '');
INSERT INTO `songvote` VALUES('7171', '639', '2929', '2016-10-26 23:24:16', '::1', '0', '');
INSERT INTO `songvote` VALUES('7172', '639', '2885', '2016-10-26 23:24:16', '::1', '0', '');
INSERT INTO `songvote` VALUES('7173', '639', '2979', '2016-10-26 23:24:16', '::1', '0', '');
INSERT INTO `songvote` VALUES('7174', '639', '2855', '2016-10-26 23:24:16', '::1', '0', '');
INSERT INTO `songvote` VALUES('7175', '639', '3019', '2016-10-26 23:24:16', '::1', '0', '');
INSERT INTO `songvote` VALUES('7176', '639', '3027', '2016-10-26 23:24:16', '::1', '0', '');
INSERT INTO `songvote` VALUES('7177', '639', '3035', '2016-10-26 23:24:16', '::1', '0', '');
INSERT INTO `songvote` VALUES('7178', '639', '3037', '2016-10-24 23:33:43', '::1', '0', '');
INSERT INTO `songvote` VALUES('7179', '639', '3038', '2016-10-24 23:33:43', '::1', '0', '');
INSERT INTO `songvote` VALUES('7180', '639', '3044', '2016-10-26 23:24:16', '::1', '0', '');
INSERT INTO `songvote` VALUES('7181', '639', '2910', '2016-10-26 23:24:16', '::1', '0', '');
INSERT INTO `songvote` VALUES('7182', '639', '2867', '2016-10-26 23:24:16', '::1', '0', '');
INSERT INTO `songvote` VALUES('7183', '639', '2876', '2016-10-26 23:24:16', '::1', '0', '');
INSERT INTO `songvote` VALUES('7184', '639', '2943', '2016-10-26 23:24:16', '::1', '0', '');
INSERT INTO `songvote` VALUES('7185', '639', '2957', '2016-10-26 23:24:16', '::1', '0', '');
INSERT INTO `songvote` VALUES('7186', '639', '2964', '2016-10-26 23:24:16', '::1', '0', '');
INSERT INTO `songvote` VALUES('7187', '639', '2902', '2016-10-26 23:24:16', '::1', '0', '');
INSERT INTO `songvote` VALUES('7188', '639', '2932', '2016-10-26 23:24:16', '::1', '0', '');
INSERT INTO `songvote` VALUES('7189', '639', '3020', '2016-10-26 23:24:16', '::1', '0', '');
INSERT INTO `songvote` VALUES('7190', '639', '2906', '2016-10-26 23:24:16', '::1', '0', '');
INSERT INTO `songvote` VALUES('7191', '639', '2989', '2016-10-26 23:24:16', '::1', '0', '');
INSERT INTO `songvote` VALUES('7192', '639', '3006', '2016-10-26 23:24:16', '::1', '0', '');
INSERT INTO `songvote` VALUES('7193', '641', '3002', '2016-10-26 23:24:16', '::1', '0', '');
INSERT INTO `songvote` VALUES('7194', '641', '3007', '2016-10-26 23:24:16', '::1', '0', '');
INSERT INTO `songvote` VALUES('7195', '641', '2890', '2016-10-26 23:24:16', '::1', '0', '');
INSERT INTO `songvote` VALUES('7196', '641', '2996', '2016-10-26 23:24:16', '::1', '0', '');
INSERT INTO `songvote` VALUES('7197', '641', '3029', '2016-10-26 23:24:17', '::1', '0', '');
INSERT INTO `songvote` VALUES('7198', '641', '3024', '2016-10-26 23:24:17', '::1', '0', '');
INSERT INTO `songvote` VALUES('7200', '641', '2875', '2016-10-26 23:24:17', '::1', '0', '');
INSERT INTO `songvote` VALUES('7201', '641', '2914', '2016-10-26 23:24:17', '::1', '0', '');
INSERT INTO `songvote` VALUES('7202', '641', '2930', '2016-10-26 23:24:17', '::1', '0', '');
INSERT INTO `songvote` VALUES('7203', '641', '3004', '2016-10-26 23:24:17', '::1', '0', '');
INSERT INTO `songvote` VALUES('7204', '641', '2961', '2016-10-26 23:24:17', '::1', '0', '');
INSERT INTO `songvote` VALUES('7205', '641', '2864', '2016-10-26 23:24:17', '::1', '0', '');
INSERT INTO `songvote` VALUES('7206', '641', '2886', '2016-10-26 23:24:17', '::1', '0', '');
INSERT INTO `songvote` VALUES('7207', '641', '2861', '2016-10-26 23:24:17', '::1', '0', '');
INSERT INTO `songvote` VALUES('7208', '641', '3009', '2016-10-26 23:24:17', '::1', '0', '');
INSERT INTO `songvote` VALUES('7209', '641', '2853', '2016-10-26 23:24:17', '::1', '0', '');
INSERT INTO `songvote` VALUES('7210', '641', '2948', '2016-10-26 23:24:17', '::1', '0', '');
INSERT INTO `songvote` VALUES('7211', '641', '3026', '2016-10-26 23:24:17', '::1', '0', '');
INSERT INTO `songvote` VALUES('7212', '641', '2953', '2016-10-26 23:24:17', '::1', '0', '');
INSERT INTO `songvote` VALUES('7213', '641', '2968', '2016-10-26 23:24:17', '::1', '0', '');
INSERT INTO `songvote` VALUES('7214', '641', '2988', '2016-10-26 23:24:17', '::1', '0', '');
INSERT INTO `songvote` VALUES('7215', '641', '2923', '2016-10-26 23:24:17', '::1', '0', '');
INSERT INTO `songvote` VALUES('7216', '653', '2891', '2016-10-26 23:24:18', '::1', '0', '');
INSERT INTO `songvote` VALUES('7217', '653', '3007', '2016-10-26 23:24:18', '::1', '0', '');
INSERT INTO `songvote` VALUES('7218', '653', '2909', '2016-10-26 23:24:18', '::1', '0', '');
INSERT INTO `songvote` VALUES('7219', '653', '2931', '2016-10-26 23:24:18', '::1', '0', '');
INSERT INTO `songvote` VALUES('7220', '653', '2855', '2016-10-26 23:24:18', '::1', '0', '');
INSERT INTO `songvote` VALUES('7221', '653', '3019', '2016-10-26 23:24:18', '::1', '0', '');
INSERT INTO `songvote` VALUES('7222', '653', '3022', '2016-10-26 23:24:18', '::1', '0', '');
INSERT INTO `songvote` VALUES('7223', '653', '3035', '2016-10-26 23:24:18', '::1', '0', '');
INSERT INTO `songvote` VALUES('7225', '653', '3038', '2016-10-24 23:33:45', '::1', '0', '');
INSERT INTO `songvote` VALUES('7226', '653', '2875', '2016-10-26 23:24:18', '::1', '0', '');
INSERT INTO `songvote` VALUES('7227', '653', '2887', '2016-10-26 23:24:18', '::1', '0', '');
INSERT INTO `songvote` VALUES('7228', '653', '3021', '2016-10-26 23:24:18', '::1', '0', '');
INSERT INTO `songvote` VALUES('7229', '653', '2870', '2016-10-26 23:24:18', '::1', '0', '');
INSERT INTO `songvote` VALUES('7230', '653', '2876', '2016-10-26 23:24:18', '::1', '0', '');
INSERT INTO `songvote` VALUES('7231', '653', '2925', '2016-10-26 23:24:18', '::1', '0', '');
INSERT INTO `songvote` VALUES('7232', '653', '2957', '2016-10-26 23:24:18', '::1', '0', '');
INSERT INTO `songvote` VALUES('7233', '653', '2983', '2016-10-26 23:24:18', '::1', '0', '');
INSERT INTO `songvote` VALUES('7234', '653', '3036', '2016-10-26 23:24:18', '::1', '0', '');
INSERT INTO `songvote` VALUES('7235', '653', '2907', '2016-10-26 23:24:18', '::1', '0', '');
INSERT INTO `songvote` VALUES('7236', '653', '2899', '2016-10-26 23:24:18', '::1', '0', '');
INSERT INTO `songvote` VALUES('7237', '653', '2860', '2016-10-26 23:24:18', '::1', '0', '');
INSERT INTO `songvote` VALUES('7238', '653', '3023', '2016-10-26 23:24:18', '::1', '0', '');
INSERT INTO `songvote` VALUES('7239', '653', '2971', '2016-10-26 23:24:18', '::1', '0', '');
INSERT INTO `songvote` VALUES('7240', '653', '3006', '2016-10-26 23:24:18', '::1', '0', '');
INSERT INTO `songvote` VALUES('7241', '654', '2911', '2016-10-26 23:24:19', '::1', '0', '');
INSERT INTO `songvote` VALUES('7242', '654', '2912', '2016-10-26 23:24:19', '::1', '0', '');
INSERT INTO `songvote` VALUES('7243', '654', '2909', '2016-10-26 23:24:19', '::1', '0', '');
INSERT INTO `songvote` VALUES('7244', '654', '2888', '2016-10-26 23:24:19', '::1', '0', '');
INSERT INTO `songvote` VALUES('7245', '654', '2938', '2016-10-26 23:24:19', '::1', '0', '');
INSERT INTO `songvote` VALUES('7246', '654', '2965', '2016-10-26 23:24:19', '::1', '0', '');
INSERT INTO `songvote` VALUES('7247', '654', '2855', '2016-10-26 23:24:19', '::1', '0', '');
INSERT INTO `songvote` VALUES('7248', '654', '3035', '2016-10-26 23:24:19', '::1', '0', '');
INSERT INTO `songvote` VALUES('7250', '654', '2867', '2016-10-26 23:24:19', '::1', '0', '');
INSERT INTO `songvote` VALUES('7251', '654', '2870', '2016-10-26 23:24:19', '::1', '0', '');
INSERT INTO `songvote` VALUES('7252', '654', '2876', '2016-10-26 23:24:19', '::1', '0', '');
INSERT INTO `songvote` VALUES('7253', '654', '2925', '2016-10-26 23:24:19', '::1', '0', '');
INSERT INTO `songvote` VALUES('7254', '654', '2943', '2016-10-26 23:24:19', '::1', '0', '');
INSERT INTO `songvote` VALUES('7255', '654', '2957', '2016-10-26 23:24:19', '::1', '0', '');
INSERT INTO `songvote` VALUES('7256', '654', '2950', '2016-10-26 23:24:19', '::1', '0', '');
INSERT INTO `songvote` VALUES('7257', '654', '2902', '2016-10-26 23:24:19', '::1', '0', '');
INSERT INTO `songvote` VALUES('7258', '654', '2932', '2016-10-26 23:24:19', '::1', '0', '');
INSERT INTO `songvote` VALUES('7259', '654', '3020', '2016-10-26 23:24:19', '::1', '0', '');
INSERT INTO `songvote` VALUES('7260', '654', '2906', '2016-10-26 23:24:19', '::1', '0', '');
INSERT INTO `songvote` VALUES('7264', '654', '2945', '2016-10-26 23:24:19', '::1', '0', '');
INSERT INTO `songvote` VALUES('7266', '656', '3007', '2016-10-26 23:24:19', '::1', '0', '');
INSERT INTO `songvote` VALUES('7267', '656', '2873', '2016-10-26 23:24:19', '::1', '0', '');
INSERT INTO `songvote` VALUES('7268', '656', '2874', '2016-10-26 23:24:19', '::1', '0', '');
INSERT INTO `songvote` VALUES('7269', '656', '2909', '2016-10-26 23:24:19', '::1', '0', '');
INSERT INTO `songvote` VALUES('7270', '656', '2885', '2016-10-26 23:24:19', '::1', '0', '');
INSERT INTO `songvote` VALUES('7271', '656', '2979', '2016-10-26 23:24:19', '::1', '0', '');
INSERT INTO `songvote` VALUES('7272', '656', '2895', '2016-10-26 23:24:19', '::1', '0', '');
INSERT INTO `songvote` VALUES('7273', '656', '2992', '2016-10-26 23:24:19', '::1', '0', '');
INSERT INTO `songvote` VALUES('7274', '656', '2990', '2016-10-26 23:24:19', '::1', '0', '');
INSERT INTO `songvote` VALUES('7275', '656', '2951', '2016-10-26 23:24:19', '::1', '0', '');
INSERT INTO `songvote` VALUES('7276', '656', '3033', '2016-10-26 23:24:19', '::1', '0', '');
INSERT INTO `songvote` VALUES('7277', '656', '2871', '2016-10-26 23:24:19', '::1', '0', '');
INSERT INTO `songvote` VALUES('7278', '656', '2933', '2016-10-26 23:24:19', '::1', '0', '');
INSERT INTO `songvote` VALUES('7279', '656', '2898', '2016-10-26 23:24:19', '::1', '0', '');
INSERT INTO `songvote` VALUES('7280', '656', '2945', '2016-10-26 23:24:19', '::1', '0', '');
INSERT INTO `songvote` VALUES('7281', '656', '2908', '2016-10-26 23:24:19', '::1', '0', '');
INSERT INTO `songvote` VALUES('7282', '656', '2865', '2016-10-26 23:24:19', '::1', '0', '');
INSERT INTO `songvote` VALUES('7283', '658', '3032', '2016-10-26 23:24:19', '::1', '0', '');
INSERT INTO `songvote` VALUES('7285', '658', '2879', '2016-10-26 23:24:19', '::1', '0', '');
INSERT INTO `songvote` VALUES('7286', '658', '2921', '2016-10-26 23:24:19', '::1', '0', '');
INSERT INTO `songvote` VALUES('7287', '658', '2978', '2016-10-26 23:24:19', '::1', '0', '');
INSERT INTO `songvote` VALUES('7288', '658', '3027', '2016-10-26 23:24:19', '::1', '0', '');
INSERT INTO `songvote` VALUES('7290', '658', '3043', '2016-10-26 23:24:19', '::1', '0', '');
INSERT INTO `songvote` VALUES('7291', '658', '3044', '2016-10-26 23:24:19', '::1', '0', '');
INSERT INTO `songvote` VALUES('7293', '658', '3008', '2016-10-26 23:24:19', '::1', '0', '');
INSERT INTO `songvote` VALUES('7294', '658', '2976', '2016-10-26 23:24:19', '::1', '0', '');
INSERT INTO `songvote` VALUES('7295', '658', '2907', '2016-10-26 23:24:19', '::1', '0', '');
INSERT INTO `songvote` VALUES('7296', '658', '3025', '2016-10-26 23:24:19', '::1', '0', '');
INSERT INTO `songvote` VALUES('7297', '658', '2948', '2016-10-26 23:24:19', '::1', '0', '');
INSERT INTO `songvote` VALUES('7298', '658', '3005', '2016-10-26 23:24:19', '::1', '0', '');
INSERT INTO `songvote` VALUES('7299', '658', '2989', '2016-10-26 23:24:19', '::1', '0', '');
INSERT INTO `songvote` VALUES('7301', '658', '3031', '2016-10-26 23:24:19', '::1', '0', '');
INSERT INTO `songvote` VALUES('7302', '658', '2945', '2016-10-26 23:24:19', '::1', '0', '');
INSERT INTO `songvote` VALUES('7304', '658', '2980', '2016-10-26 23:24:19', '::1', '0', '');
INSERT INTO `songvote` VALUES('7306', '658', '2900', '2016-10-26 23:24:19', '::1', '0', '');
INSERT INTO `songvote` VALUES('7307', '658', '2971', '2016-10-26 23:24:19', '::1', '0', '');
INSERT INTO `songvote` VALUES('7308', '663', '2888', '2016-10-26 23:24:20', '::1', '0', '');
INSERT INTO `songvote` VALUES('7309', '663', '2919', '2016-10-26 23:24:20', '::1', '0', '');
INSERT INTO `songvote` VALUES('7310', '669', '2891', '2016-10-26 23:24:21', '::1', '0', '');
INSERT INTO `songvote` VALUES('7311', '669', '2912', '2016-10-26 23:24:21', '::1', '0', '');
INSERT INTO `songvote` VALUES('7313', '669', '3032', '2016-10-26 23:24:21', '::1', '0', '');
INSERT INTO `songvote` VALUES('7314', '669', '3003', '2016-10-26 23:24:21', '::1', '0', '');
INSERT INTO `songvote` VALUES('7315', '669', '2888', '2016-10-26 23:24:21', '::1', '0', '');
INSERT INTO `songvote` VALUES('7316', '669', '2938', '2016-10-26 23:24:21', '::1', '0', '');
INSERT INTO `songvote` VALUES('7317', '669', '2929', '2016-10-26 23:24:21', '::1', '0', '');
INSERT INTO `songvote` VALUES('7318', '669', '3037', '2016-10-24 23:33:48', '::1', '0', '');
INSERT INTO `songvote` VALUES('7319', '669', '3038', '2016-10-24 23:33:48', '::1', '0', '');
INSERT INTO `songvote` VALUES('7320', '669', '2895', '2016-10-26 23:24:21', '::1', '0', '');
INSERT INTO `songvote` VALUES('7321', '669', '2918', '2016-10-26 23:24:21', '::1', '0', '');
INSERT INTO `songvote` VALUES('7322', '669', '2943', '2016-10-26 23:24:21', '::1', '0', '');
INSERT INTO `songvote` VALUES('7323', '669', '2858', '2016-10-26 23:24:21', '::1', '0', '');
INSERT INTO `songvote` VALUES('7324', '669', '2991', '2016-10-26 23:24:21', '::1', '0', '');
INSERT INTO `songvote` VALUES('7325', '669', '3033', '2016-10-26 23:24:21', '::1', '0', '');
INSERT INTO `songvote` VALUES('7326', '669', '2906', '2016-10-26 23:24:21', '::1', '0', '');
INSERT INTO `songvote` VALUES('7328', '669', '2948', '2016-10-26 23:24:21', '::1', '0', '');
INSERT INTO `songvote` VALUES('7329', '669', '2872', '2016-10-26 23:24:21', '::1', '0', '');
INSERT INTO `songvote` VALUES('7330', '669', '3026', '2016-10-26 23:24:21', '::1', '0', '');
INSERT INTO `songvote` VALUES('7331', '669', '2952', '2016-10-26 23:24:21', '::1', '0', '');
INSERT INTO `songvote` VALUES('7332', '669', '2924', '2016-10-26 23:24:21', '::1', '0', '');
INSERT INTO `songvote` VALUES('7333', '669', '3015', '2016-10-26 23:24:21', '::1', '0', '');
INSERT INTO `songvote` VALUES('7335', '676', '2874', '2016-10-26 23:24:22', '::1', '0', '');
INSERT INTO `songvote` VALUES('7337', '676', '2978', '2016-10-26 23:24:22', '::1', '0', '');
INSERT INTO `songvote` VALUES('7338', '676', '3019', '2016-10-26 23:24:22', '::1', '0', '');
INSERT INTO `songvote` VALUES('7340', '676', '3038', '2016-10-24 23:33:49', '::1', '0', '');
INSERT INTO `songvote` VALUES('7341', '676', '3040', '2016-10-26 23:24:22', '::1', '0', '');
INSERT INTO `songvote` VALUES('7342', '676', '3021', '2016-10-26 23:24:22', '::1', '0', '');
INSERT INTO `songvote` VALUES('7343', '676', '2867', '2016-10-26 23:24:22', '::1', '0', '');
INSERT INTO `songvote` VALUES('7344', '676', '2983', '2016-10-26 23:24:22', '::1', '0', '');
INSERT INTO `songvote` VALUES('7345', '676', '3016', '2016-10-26 23:24:22', '::1', '0', '');
INSERT INTO `songvote` VALUES('7346', '676', '3020', '2016-10-26 23:24:22', '::1', '0', '');
INSERT INTO `songvote` VALUES('7347', '676', '2864', '2016-10-26 23:24:22', '::1', '0', '');
INSERT INTO `songvote` VALUES('7348', '676', '2868', '2016-10-26 23:24:22', '::1', '0', '');
INSERT INTO `songvote` VALUES('7349', '676', '2906', '2016-10-26 23:24:22', '::1', '0', '');
INSERT INTO `songvote` VALUES('7350', '676', '2878', '2016-10-26 23:24:22', '::1', '0', '');
INSERT INTO `songvote` VALUES('7351', '676', '2899', '2016-10-26 23:24:22', '::1', '0', '');
INSERT INTO `songvote` VALUES('7352', '676', '2860', '2016-10-26 23:24:22', '::1', '0', '');
INSERT INTO `songvote` VALUES('7353', '676', '2956', '2016-10-26 23:24:22', '::1', '0', '');
INSERT INTO `songvote` VALUES('7354', '676', '2987', '2016-10-26 23:24:22', '::1', '0', '');
INSERT INTO `songvote` VALUES('7355', '676', '2999', '2016-10-26 23:24:22', '::1', '0', '');
INSERT INTO `songvote` VALUES('7356', '676', '2924', '2016-10-26 23:24:22', '::1', '0', '');
INSERT INTO `songvote` VALUES('7358', '676', '2900', '2016-10-26 23:24:22', '::1', '0', '');
INSERT INTO `songvote` VALUES('7359', '676', '3006', '2016-10-26 23:24:22', '::1', '0', '');
INSERT INTO `songvote` VALUES('7360', '678', '2911', '2016-10-24 23:33:49', '::1', '0', '');
INSERT INTO `songvote` VALUES('7361', '678', '2937', '2016-10-24 23:33:49', '::1', '0', '');
INSERT INTO `songvote` VALUES('7362', '678', '2955', '2016-10-24 23:33:49', '::1', '0', '');
INSERT INTO `songvote` VALUES('7363', '678', '2961', '2016-10-24 23:33:49', '::1', '0', '');
INSERT INTO `songvote` VALUES('7364', '753', '2975', '2016-10-24 23:33:55', '::1', '0', '');
INSERT INTO `songvote` VALUES('7365', '753', '2900', '2016-10-24 23:33:55', '::1', '0', '');
INSERT INTO `songvote` VALUES('7366', '755', '3039', '2016-10-24 23:33:55', '::1', '0', '');
INSERT INTO `songvote` VALUES('7367', '755', '2956', '2016-10-24 23:33:55', '::1', '0', '');
INSERT INTO `songvote` VALUES('7368', '803', '2892', '2016-10-26 23:24:30', '::1', '0', '');
INSERT INTO `songvote` VALUES('7369', '803', '2959', '2016-10-26 23:24:30', '::1', '0', '');
INSERT INTO `songvote` VALUES('7370', '803', '2966', '2016-10-26 23:24:30', '::1', '0', '');
INSERT INTO `songvote` VALUES('7371', '834', '2969', '2016-10-26 23:24:34', '::1', '0', '');
INSERT INTO `songvote` VALUES('7372', '834', '2905', '2016-10-26 23:24:34', '::1', '0', '');
INSERT INTO `songvote` VALUES('7373', '834', '2881', '2016-10-26 23:24:34', '::1', '0', '');
INSERT INTO `songvote` VALUES('7374', '834', '2973', '2016-10-26 23:24:34', '::1', '0', '');
INSERT INTO `songvote` VALUES('7375', '834', '3039', '2016-10-26 23:24:34', '::1', '0', '');
INSERT INTO `songvote` VALUES('7376', '834', '3045', '2016-10-24 23:34:00', '::1', '0', '');
INSERT INTO `songvote` VALUES('7377', '834', '2967', '2016-10-26 23:24:34', '::1', '0', '');
INSERT INTO `songvote` VALUES('7378', '834', '2856', '2016-10-26 23:24:34', '::1', '0', '');
INSERT INTO `songvote` VALUES('7379', '834', '2913', '2016-10-26 23:24:34', '::1', '0', '');
INSERT INTO `songvote` VALUES('7380', '589', '3046', '2016-10-26 23:24:14', '::1', '0', '');
INSERT INTO `songvote` VALUES('7381', '638', '3046', '2016-10-26 23:24:16', '::1', '0', '');
INSERT INTO `songvote` VALUES('7383', '639', '3046', '2016-10-26 23:24:16', '::1', '0', '');
INSERT INTO `songvote` VALUES('7384', '641', '3046', '2016-10-26 23:24:17', '::1', '0', '');
INSERT INTO `songvote` VALUES('7385', '642', '3046', '2016-10-26 23:24:17', '::1', '0', '');
INSERT INTO `songvote` VALUES('7386', '649', '3046', '2016-10-26 23:24:18', '::1', '0', '');
INSERT INTO `songvote` VALUES('7387', '653', '3046', '2016-10-26 23:24:18', '::1', '0', '');
INSERT INTO `songvote` VALUES('7388', '660', '3046', '2016-10-26 23:24:20', '::1', '0', '');
INSERT INTO `songvote` VALUES('7389', '669', '3046', '2016-10-26 23:24:21', '::1', '0', '');
INSERT INTO `songvote` VALUES('7390', '676', '3046', '2016-10-26 23:24:22', '::1', '0', '');
INSERT INTO `songvote` VALUES('7391', '658', '2874', '2016-11-09 01:20:28', '::1', '658', '');
INSERT INTO `songvote` VALUES('7392', '658', '2899', '2016-11-09 01:21:51', '::1', '658', '');
INSERT INTO `songvote` VALUES('7393', '658', '3037', '2016-11-09 01:24:40', '::1', '658', '');
INSERT INTO `songvote` VALUES('7394', '658', '2938', '2016-11-09 01:25:20', '::1', '658', '');
INSERT INTO `songvote` VALUES('7395', '833', '3014', '2016-11-13 15:50:18', '::1', '833', '');
INSERT INTO `songvote` VALUES('7396', '834', '3047', '2016-11-14 23:49:25', '::1', '834', '');
INSERT INTO `songvote` VALUES('7397', '834', '3048', '2016-11-14 23:53:25', '::1', '834', '');
INSERT INTO `songvote` VALUES('7398', '834', '3049', '2016-11-14 23:55:33', '::1', '834', '');
INSERT INTO `songvote` VALUES('7399', '834', '3050', '2016-11-14 23:58:17', '::1', '834', '');
INSERT INTO `songvote` VALUES('7400', '834', '3051', '2016-11-15 00:02:14', '::1', '834', '');
INSERT INTO `songvote` VALUES('7401', '834', '2892', '2016-11-17 19:42:46', '::1', '834', '');
INSERT INTO `songvote` VALUES('7402', '834', '3044', '2016-11-17 19:43:10', '::1', '834', '');
INSERT INTO `songvote` VALUES('7403', '834', '2955', '2016-11-17 19:43:44', '::1', '834', '');
INSERT INTO `songvote` VALUES('7404', '834', '2968', '2016-11-17 19:43:56', '::1', '834', '');
INSERT INTO `songvote` VALUES('7405', '834', '3052', '2016-11-18 00:15:00', '::1', '834', '');
INSERT INTO `songvote` VALUES('7406', '834', '2900', '2016-11-29 22:56:21', '::1', '834', '');
INSERT INTO `songvote` VALUES('7407', '913', '2911', '2016-12-15 13:22:10', '::1', '913', '');
INSERT INTO `songvote` VALUES('7408', '913', '2874', '2016-12-15 14:49:01', '::1', '913', '');
INSERT INTO `songvote` VALUES('7409', '913', '2864', '2016-12-15 14:49:54', '::1', '913', '');
INSERT INTO `songvote` VALUES('7410', '913', '3020', '2016-12-15 14:49:57', '::1', '913', '');
INSERT INTO `songvote` VALUES('7411', '913', '2956', '2016-12-15 14:49:59', '::1', '913', '');
INSERT INTO `songvote` VALUES('7412', '913', '2971', '2016-12-15 14:50:01', '::1', '913', '');
INSERT INTO `songvote` VALUES('7413', '913', '2858', '2016-12-15 14:50:04', '::1', '913', '');
INSERT INTO `songvote` VALUES('7414', '913', '3002', '2016-12-15 14:50:07', '::1', '913', '');
INSERT INTO `songvote` VALUES('7415', '913', '2929', '2016-12-15 14:50:11', '::1', '913', '');
DROP TABLE `vote`;
CREATE TABLE `vote` (  `id` int(11) NOT NULL AUTO_INCREMENT,  `classID` int(11) DEFAULT NULL,  `personID` int(11) DEFAULT NULL,  `meetAfterYear` int(11) DEFAULT NULL,  `isSchool` int(11) DEFAULT NULL,  `isCemetery` int(11) DEFAULT NULL,  `isDinner` int(11) DEFAULT NULL,  `isExcursion` int(11) DEFAULT NULL,  `place` varchar(255) DEFAULT NULL,  `eventDay` varchar(255) DEFAULT NULL,  `changeDate` datetime DEFAULT NULL,  `changeIP` varchar(45) DEFAULT NULL,  `changeUserID` int(11) DEFAULT NULL,  `changeForID` int(11) DEFAULT NULL,  PRIMARY KEY (`id`)) ENGINE=InnoDB AUTO_INCREMENT=81 DEFAULT CHARSET=utf8 COMMENT='Voting	';
INSERT INTO `vote` VALUES('1', '65', '677', '35', '0', '0', '0', '0', '', '', '2016-11-07 23:28:38', '::1', '834', '');
INSERT INTO `vote` VALUES('2', '65', '678', '35', '1', '0', '0', '0', '', '', '2016-11-07 23:28:38', '::1', '834', '');
INSERT INTO `vote` VALUES('3', '65', '679', '35', '0', '0', '0', '0', '', '', '2016-11-07 23:28:38', '::1', '834', '');
INSERT INTO `vote` VALUES('4', '65', '680', '35', '0', '0', '0', '0', '', '', '2016-11-07 23:28:38', '::1', '834', '');
INSERT INTO `vote` VALUES('5', '65', '681', '35', '0', '1', '0', '0', '', '', '2016-11-07 23:28:38', '::1', '834', '');
INSERT INTO `vote` VALUES('6', '65', '682', '35', '0', '0', '0', '0', '', '', '2016-11-07 23:28:38', '::1', '834', '');
INSERT INTO `vote` VALUES('7', '65', '684', '35', '0', '0', '0', '0', '', '', '2016-11-07 23:28:38', '::1', '834', '');
INSERT INTO `vote` VALUES('8', '65', '683', '35', '0', '0', '1', '0', '', '', '2016-11-07 23:28:38', '::1', '834', '');
INSERT INTO `vote` VALUES('9', '65', '685', '35', '0', '0', '0', '0', '', '', '2016-11-07 23:28:38', '::1', '834', '');
INSERT INTO `vote` VALUES('10', '65', '686', '35', '0', '0', '0', '0', '', '', '2016-11-07 23:28:38', '::1', '834', '');
INSERT INTO `vote` VALUES('11', '65', '687', '35', '0', '0', '0', '0', '', '', '2016-11-07 23:28:38', '::1', '834', '');
INSERT INTO `vote` VALUES('12', '65', '688', '35', '0', '0', '0', '0', '', '', '2016-11-07 23:28:38', '::1', '834', '');
INSERT INTO `vote` VALUES('13', '65', '689', '35', '0', '0', '0', '0', '', '', '2016-11-07 23:28:38', '::1', '834', '');
INSERT INTO `vote` VALUES('14', '65', '690', '35', '0', '0', '0', '0', '', '', '2016-11-07 23:28:38', '::1', '834', '');
INSERT INTO `vote` VALUES('15', '65', '856', '35', '0', '0', '0', '0', '', '', '2016-11-07 23:28:38', '::1', '834', '');
INSERT INTO `vote` VALUES('16', '65', '691', '35', '0', '0', '0', '0', '', '', '2016-11-07 23:28:38', '::1', '834', '');
INSERT INTO `vote` VALUES('17', '65', '692', '35', '0', '0', '0', '0', '', '', '2016-11-07 23:28:38', '::1', '834', '');
INSERT INTO `vote` VALUES('18', '65', '693', '35', '0', '0', '0', '0', '', '', '2016-11-07 23:28:38', '::1', '834', '');
INSERT INTO `vote` VALUES('19', '65', '694', '35', '0', '0', '0', '0', '', '', '2016-11-07 23:28:38', '::1', '834', '');
INSERT INTO `vote` VALUES('20', '65', '695', '35', '0', '0', '0', '0', '', '', '2016-11-07 23:28:38', '::1', '834', '');
INSERT INTO `vote` VALUES('21', '65', '697', '35', '0', '0', '0', '0', '', '', '2016-11-07 23:28:38', '::1', '834', '');
INSERT INTO `vote` VALUES('22', '65', '698', '35', '0', '0', '0', '0', '', '', '2016-11-07 23:28:38', '::1', '834', '');
INSERT INTO `vote` VALUES('23', '65', '699', '35', '0', '0', '0', '0', '', '', '2016-11-07 23:28:38', '::1', '834', '');
INSERT INTO `vote` VALUES('24', '65', '700', '35', '0', '0', '0', '0', '', '', '2016-11-07 23:28:38', '::1', '834', '');
INSERT INTO `vote` VALUES('25', '65', '701', '35', '0', '0', '0', '0', '', '', '2016-11-07 23:28:38', '::1', '834', '');
INSERT INTO `vote` VALUES('26', '65', '702', '35', '0', '0', '0', '0', '', '', '2016-11-07 23:28:38', '::1', '834', '');
INSERT INTO `vote` VALUES('27', '65', '703', '35', '0', '0', '0', '0', '', '', '2016-11-07 23:28:38', '::1', '834', '');
INSERT INTO `vote` VALUES('28', '65', '704', '35', '0', '0', '0', '0', '', '', '2016-11-07 23:28:38', '::1', '834', '');
INSERT INTO `vote` VALUES('29', '65', '705', '35', '0', '0', '0', '0', '', '', '2016-11-07 23:28:38', '::1', '834', '');
INSERT INTO `vote` VALUES('30', '65', '706', '35', '0', '0', '0', '0', '', '', '2016-11-07 23:28:38', '::1', '834', '');
INSERT INTO `vote` VALUES('31', '65', '707', '35', '0', '0', '0', '0', '', '', '2016-11-07 23:28:38', '::1', '834', '');
INSERT INTO `vote` VALUES('32', '65', '708', '35', '0', '0', '0', '0', '', '', '2016-11-07 23:28:38', '::1', '834', '');
INSERT INTO `vote` VALUES('33', '65', '709', '35', '0', '0', '0', '0', '', '', '2016-11-07 23:28:38', '::1', '834', '');
INSERT INTO `vote` VALUES('34', '65', '710', '35', '0', '0', '0', '0', '', '', '2016-11-07 23:28:38', '::1', '834', '');
INSERT INTO `vote` VALUES('35', '65', '711', '35', '0', '0', '0', '0', '', '', '2016-11-07 23:28:38', '::1', '834', '');
INSERT INTO `vote` VALUES('36', '65', '712', '35', '0', '0', '0', '0', '', '', '2016-11-07 23:28:38', '::1', '834', '');
INSERT INTO `vote` VALUES('37', '65', '713', '35', '0', '0', '0', '0', '', '', '2016-11-07 23:28:38', '::1', '834', '');
INSERT INTO `vote` VALUES('38', '65', '714', '35', '0', '0', '0', '0', '', '', '2016-11-07 23:28:38', '::1', '834', '');
INSERT INTO `vote` VALUES('39', '65', '715', '35', '0', '0', '0', '0', '', '', '2016-11-07 23:28:38', '::1', '834', '');
INSERT INTO `vote` VALUES('40', '65', '716', '35', '0', '0', '0', '0', '', '', '2016-11-07 23:28:38', '::1', '834', '');
INSERT INTO `vote` VALUES('41', '65', '717', '35', '0', '0', '0', '0', '', '', '2016-11-07 23:28:38', '::1', '834', '');
INSERT INTO `vote` VALUES('42', '64', '638', '35', '0', '0', '0', '0', '', '', '2016-11-08 19:28:56', '::1', '834', '');
INSERT INTO `vote` VALUES('43', '64', '639', '35', '0', '0', '0', '0', '', '', '2016-11-08 19:28:56', '::1', '834', '');
INSERT INTO `vote` VALUES('44', '64', '640', '35', '0', '0', '0', '0', '', '', '2016-11-08 19:28:56', '::1', '834', '');
INSERT INTO `vote` VALUES('45', '64', '641', '35', '0', '0', '0', '0', '', '', '2016-11-08 19:28:56', '::1', '834', '');
INSERT INTO `vote` VALUES('46', '64', '642', '35', '0', '0', '0', '0', '', '', '2016-11-08 19:28:56', '::1', '834', '');
INSERT INTO `vote` VALUES('47', '64', '643', '35', '0', '0', '0', '0', '', '', '2016-11-08 19:28:56', '::1', '834', '');
INSERT INTO `vote` VALUES('48', '64', '644', '35', '0', '0', '0', '0', '', '', '2016-11-08 19:28:56', '::1', '834', '');
INSERT INTO `vote` VALUES('49', '64', '645', '35', '0', '0', '0', '0', '', '', '2016-11-08 19:28:56', '::1', '834', '');
INSERT INTO `vote` VALUES('50', '64', '646', '35', '0', '0', '0', '0', '', '', '2016-11-08 19:28:56', '::1', '834', '');
INSERT INTO `vote` VALUES('51', '64', '647', '35', '0', '0', '0', '0', '', '', '2016-11-08 19:28:56', '::1', '834', '');
INSERT INTO `vote` VALUES('52', '64', '648', '35', '1', '0', '0', '0', '', '1', '2016-11-08 19:28:56', '::1', '834', '');
INSERT INTO `vote` VALUES('53', '64', '649', '35', '0', '1', '0', '0', '', '2', '2016-11-08 19:28:56', '::1', '834', '');
INSERT INTO `vote` VALUES('54', '64', '650', '35', '0', '0', '1', '0', '', '3', '2016-11-08 19:28:56', '::1', '834', '');
INSERT INTO `vote` VALUES('55', '64', '651', '35', '0', '0', '0', '1', '', '5', '2016-11-08 19:28:56', '::1', '834', '');
INSERT INTO `vote` VALUES('56', '64', '652', '35', '0', '0', '1', '0', '', '6', '2016-11-08 19:28:56', '::1', '834', '');
INSERT INTO `vote` VALUES('57', '64', '653', '35', '0', '1', '0', '0', 'h', '7', '2016-11-08 19:28:56', '::1', '834', '');
INSERT INTO `vote` VALUES('58', '64', '654', '35', '1', '0', '0', '0', 'g', '8', '2016-11-08 19:28:56', '::1', '834', '');
INSERT INTO `vote` VALUES('59', '64', '655', '35', '0', '1', '0', '0', 'f', '', '2016-11-08 19:28:56', '::1', '834', '');
INSERT INTO `vote` VALUES('60', '64', '656', '35', '0', '0', '1', '0', 'e', '', '2016-11-08 19:28:56', '::1', '834', '');
INSERT INTO `vote` VALUES('61', '64', '657', '35', '0', '0', '0', '1', 'd', '', '2016-11-08 19:28:56', '::1', '834', '');
INSERT INTO `vote` VALUES('62', '64', '658', '35', '0', '0', '1', '0', 'c', '', '2016-11-08 19:28:56', '::1', '834', '');
INSERT INTO `vote` VALUES('63', '64', '659', '35', '0', '1', '0', '0', 'b', '', '2016-11-08 19:28:56', '::1', '834', '');
INSERT INTO `vote` VALUES('64', '64', '660', '35', '1', '0', '0', '0', 'a', '', '2016-11-08 19:28:56', '::1', '834', '');
INSERT INTO `vote` VALUES('65', '64', '661', '35', '0', '0', '0', '0', '', '', '2016-11-08 19:28:56', '::1', '834', '');
INSERT INTO `vote` VALUES('66', '64', '662', '35', '0', '0', '0', '0', '', '', '2016-11-08 19:28:56', '::1', '834', '');
INSERT INTO `vote` VALUES('67', '64', '663', '35', '0', '0', '0', '0', '', '', '2016-11-08 19:28:56', '::1', '834', '');
INSERT INTO `vote` VALUES('68', '64', '664', '35', '0', '0', '0', '0', '', '', '2016-11-08 19:28:56', '::1', '834', '');
INSERT INTO `vote` VALUES('69', '64', '665', '35', '0', '0', '0', '0', '', '', '2016-11-08 19:28:56', '::1', '834', '');
INSERT INTO `vote` VALUES('70', '64', '666', '35', '0', '0', '0', '0', '', '', '2016-11-08 19:28:56', '::1', '834', '');
INSERT INTO `vote` VALUES('71', '64', '667', '35', '0', '0', '0', '0', '', '', '2016-11-08 19:28:56', '::1', '834', '');
INSERT INTO `vote` VALUES('72', '64', '668', '35', '0', '0', '0', '0', '', '', '2016-11-08 19:28:56', '::1', '834', '');
INSERT INTO `vote` VALUES('73', '64', '669', '35', '0', '0', '0', '0', '', '', '2016-11-08 19:28:56', '::1', '834', '');
INSERT INTO `vote` VALUES('74', '64', '670', '35', '0', '0', '0', '0', '', '', '2016-11-08 19:28:56', '::1', '834', '');
INSERT INTO `vote` VALUES('75', '64', '671', '35', '0', '0', '0', '0', '', '', '2016-11-08 19:28:56', '::1', '834', '');
INSERT INTO `vote` VALUES('76', '64', '672', '35', '0', '0', '0', '0', '', '', '2016-11-08 19:28:56', '::1', '834', '');
INSERT INTO `vote` VALUES('77', '64', '673', '35', '0', '0', '0', '0', '', '', '2016-11-08 19:28:56', '::1', '834', '');
INSERT INTO `vote` VALUES('78', '64', '674', '35', '0', '0', '0', '0', '', '', '2016-11-08 19:28:56', '::1', '834', '');
INSERT INTO `vote` VALUES('79', '64', '675', '35', '0', '0', '0', '0', '', '', '2016-11-08 19:28:56', '::1', '834', '');
INSERT INTO `vote` VALUES('80', '64', '676', '35', '0', '0', '0', '0', '', '', '2016-11-08 19:28:56', '::1', '834', '');
